@miso_ara_6797294685082619137;miso_ara;180.5;miso_ara|woah|woahchallenge|foryou|fyp|meme|Ïù¥ÏïÑÎùº|Ìã±ÌÜ°|tiktok;17;Ïò§Î¶¨ÏßÄÎÑê ÏÇ¨Ïö¥Îìú - Miso_Ara;https://tiktok.com/@miso_ara/video/6797294685082619137;./downloaded/100mil+\@miso_ara_6797294685082619137.mp4;1;0
@funnyvids2k21_6915785138202758401;funnyvids2k21;186.2;funnyvids2k21|foryou|foryoupage|tiktok|wee|funny|dog|animals|4u|xyzbca|fypage|fail|fyp|viral;7;.....Wiii;https://tiktok.com/@funnyvids2k21/video/6915785138202758401;./downloaded/100mil+\@funnyvids2k21_6915785138202758401.mp4;1;0
@samuelgrubbs_6869149203290000645;samuelgrubbs;135.1;samuelgrubbs|foryou|foryoupage|fyp|tiktok|viral|funny|trend|trending|funny|lol;14;M to the B;https://tiktok.com/@samuelgrubbs/video/6869149203290000645;./downloaded/100mil+\@samuelgrubbs_6869149203290000645.mp4;0;0
@miso_ara_6779561637419535618;miso_ara;166.7;miso_ara|woah|woahchallenge|foryou|tiktok|poodle|dogchallenge|dog|trick|dogtrick|Ïù¥ÏïÑÎùº|ÌÇ¥ÎØ∏ÏÜå;13;Ïò§Î¶¨ÏßÄÎÑê ÏÇ¨Ïö¥Îìú - Miso_Ara;https://tiktok.com/@miso_ara/video/6779561637419535618;./downloaded/100mil+\@miso_ara_6779561637419535618.mp4;1;0
@funnyvids2k21_6911397395402165505;funnyvids2k21;106.4;funnyvids2k21|foryou|foryoupage|4u|tiktok|animals|xyzbca|fypage|funny|wee|dog|fyp|viral|fy;7;.....Wiii;https://tiktok.com/@funnyvids2k21/video/6911397395402165505;./downloaded/100mil+\@funnyvids2k21_6911397395402165505.mp4;0;0
@sassybus_6856492553756265733;sassybus;98.1;sassybus|byetiktok|fyp|tiktok|busconversion|vanbuild;21;Backyard Boy;https://tiktok.com/@sassybus/video/6856492553756265733;./downloaded/90mil+\@sassybus_6856492553756265733.mp4;1;0
@mattzworld_6831372615160958213;mattzworld;185.9;mattzworld|foryou|foryoupage|tiktok;16;original sound;https://tiktok.com/@mattzworld/video/6831372615160958213;./downloaded/100mil+\@mattzworld_6831372615160958213.mp4;-1;0
@atul_bhoyar__6805776402562944258;atul_bhoyar_;180.7;atul_bhoyar_|helo|heloapp|downloadhelonow|tiktokindia|foryoupage|tiktok|foryou|vairal;19;original sound - (√Ö√ø√¢√±)atulbhoyar;https://tiktok.com/@atul_bhoyar_/video/6805776402562944258;./downloaded/100mil+\@atul_bhoyar__6805776402562944258.mp4;-1;0
@cznburak_6803727949368626438;cznburak;181.8;cznburak|czn|cznburak|tiktok;15;SUPER MARIO RUN (Trap Remix);https://tiktok.com/@cznburak/video/6803727949368626438;./downloaded/100mil+\@cznburak_6803727949368626438.mp4;0;1
@theshilpashetty_6787674726841011461;theshilpashetty;150.2;theshilpashetty|fyp|tiktok|tiktokindia|throwback|throwbackthursday|throwbackthursdaysong|tbt;16;"Chura Ke Dil Mera - From ""Main Khiladi Tu Anari""";https://tiktok.com/@theshilpashetty/video/6787674726841011461;./downloaded/100mil+\@theshilpashetty_6787674726841011461.mp4;1;0
@jordi.koalitic_6766627359857593605;jordi.koalitic;90.4;jordi.koalitic|jordikoalitic|viral|top|tiktok|amazing|photo|secret|art|foryou|magic|best;35;sonido original;https://tiktok.com/@jordi.koalitic/video/6766627359857593605;./downloaded/90mil+\@jordi.koalitic_6766627359857593605.mp4;-1;0
@mranto_6758827220774538502;mranto;126.1;mranto|foryou|tiktok;23;My Type;https://tiktok.com/@mranto/video/6758827220774538502;./downloaded/100mil+\@mranto_6758827220774538502.mp4;1;0
@cznburak_6899757185266420993;cznburak;91.1;cznburak|cznburak|tiktok;11;som original;https://tiktok.com/@cznburak/video/6899757185266420993;./downloaded/90mil+\@cznburak_6899757185266420993.mp4;0;1
@cznburak_6823755245529615621;cznburak;97.5;cznburak|czn|cznburak|tiktok;58;orijinal ses;https://tiktok.com/@cznburak/video/6823755245529615621;./downloaded/90mil+\@cznburak_6823755245529615621.mp4;1;0
@sophiat24_6698048799652203781;sophiat24;100.6;sophiat24|underwater|normalisboring|summerwya|comedy|foryou|tiktok;14;bob;https://tiktok.com/@sophiat24/video/6698048799652203781;./downloaded/100mil+\@sophiat24_6698048799652203781.mp4;0;1
@jordi.koalitic_6753177577969470726;jordi.koalitic;360.3;jordi.koalitic|tiktok|art|myart|tiktokcreator|photo|creative|photgraphy|photoshot|video|dope|creator;28;sonido original;https://tiktok.com/@jordi.koalitic/video/6753177577969470726;./downloaded/100mil+\@jordi.koalitic_6753177577969470726.mp4;1;0
@cutybeautykhan_6813037754943802626;cutybeautykhan;151.4;cutybeautykhan|cutebeuty|tiktokindia|tiktok;7;original sound - üî•Aasif Maliküî•;https://tiktok.com/@cutybeautykhan/video/6813037754943802626;./downloaded/100mil+\@cutybeautykhan_6813037754943802626.mp4;-1;0
@cutybeautykhan_6810934048320441602;cutybeautykhan;99.3;cutybeautykhan|tiktokindia|tiktok;14;original sound - sunil majhi;https://tiktok.com/@cutybeautykhan/video/6810934048320441602;./downloaded/90mil+\@cutybeautykhan_6810934048320441602.mp4;0;1
@yuktikapoor39_6807765223848611073;yuktikapoor39;118.3;yuktikapoor39|foryou|trending|fyp|tiktok|coactors|maddamsir|copsoftiktok;13;original sound - Bhavin Bhanushali;https://tiktok.com/@yuktikapoor39/video/6807765223848611073;./downloaded/100mil+\@yuktikapoor39_6807765223848611073.mp4;1;0
@cznburak_6917216459420716289;cznburak;132.2;cznburak|cznburak|tiktok;14;.....Wiii;https://tiktok.com/@cznburak/video/6917216459420716289;./downloaded/100mil+\@cznburak_6917216459420716289.mp4;0;1
@cznburak_6774845158304402693;cznburak;227.1;cznburak|czn|cznburak|tiktok;15;orijinal ses;https://tiktok.com/@cznburak/video/6774845158304402693;./downloaded/100mil+\@cznburak_6774845158304402693.mp4;1;0
@insecthaus_adi_6959414195444124934;insecthaus_adi;95.7;insecthaus_adi|loveyou|tiktok;10;original sound;https://tiktok.com/@insecthaus_adi/video/6959414195444124934;./downloaded/90mil+\@insecthaus_adi_6959414195444124934.mp4;0;1
@jayprehistoricpets_6947659301704060166;jayprehistoricpets;114.7;jayprehistoricpets|tiktok|amazing|thankyou|snakes;11;original sound;https://tiktok.com/@jayprehistoricpets/video/6947659301704060166;./downloaded/100mil+\@jayprehistoricpets_6947659301704060166.mp4;-1;0
@ammye1921_6763575556085648642;ammye1921;119.1;ammye1921|praveen1921|legendstar|viralvideo|foruyou|tiktok;12;orijinal ses;https://tiktok.com/@ammye1921/video/6763575556085648642;./downloaded/100mil+\@ammye1921_6763575556085648642.mp4;0;0
@alexandercaballeroficial_6866641501338864898;alexandercaballeroficial;183.6;alexandercaballeroficial|fyp|fy|tiktok|paratii|cortedepelo;34;El Chima - En Alta;https://tiktok.com/@alexandercaballeroficial/video/6866641501338864898;./downloaded/100mil+\@alexandercaballeroficial_6866641501338864898.mp4;1;0
@thematblackshow_6937901763752234246;thematblackshow;123.3;thematblackshow|pranks|funny|fyp|foryoupage|tiktok|viral|america|trending|followme|thematblackshow|usa;59;original sound;https://tiktok.com/@thematblackshow/video/6937901763752234246;./downloaded/100mil+\@thematblackshow_6937901763752234246.mp4;0;1
@cutybeautykhan_6817658603013541122;cutybeautykhan;91.0;cutybeautykhan|tiktokindia|tiktok|tiktokdance;11;original sound - üòçüî•ZeRyüî•üòç;https://tiktok.com/@cutybeautykhan/video/6817658603013541122;./downloaded/90mil+\@cutybeautykhan_6817658603013541122.mp4;0;1
@ulhaskamathe_6791273026995375362;ulhaskamathe;100.4;ulhaskamathe|;21;original sound - Ulhas Kamathe;https://tiktok.com/@ulhaskamathe/video/6791273026995375362;./downloaded/100mil+\@ulhaskamathe_6791273026995375362.mp4;-1;0
@cutybeautykhan_6817089352196197634;cutybeautykhan;93.2;cutybeautykhan|jiya_khan|tiktok|tiktokdance|kolkata;14;original sound - I'm. jatain;https://tiktok.com/@cutybeautykhan/video/6817089352196197634;./downloaded/90mil+\@cutybeautykhan_6817089352196197634.mp4;0;1
@arnaldomangini_6842597765197958406;arnaldomangini;136.7;arnaldomangini|laxedsirenbeatchallenge|tiktok|tiktokdance|comedy|clown;14;Laxed (Siren Beat);https://tiktok.com/@arnaldomangini/video/6842597765197958406;./downloaded/100mil+\@arnaldomangini_6842597765197958406.mp4;1;0
@jackson.jo_6886333782358609154;jackson.jo;91.3;jackson.jo|extremesports|bungeejump|tiktok|fly|fyp;10;–æ—Ä–∏–≥–∏–Ω–∞–ª—å–Ω—ã–π –∑–≤—É–∫;https://tiktok.com/@jackson.jo/video/6886333782358609154;./downloaded/90mil+\@jackson.jo_6886333782358609154.mp4;0;0
@sonuplaha1_6808064755589270786;sonuplaha1;93.7;sonuplaha1|tiktokindia|india|new|sonuplaha|tikttok_india|jamshepur|best|best|ktm|tik_tok|tiktok;15;Moto;https://tiktok.com/@sonuplaha1/video/6808064755589270786;./downloaded/90mil+\@sonuplaha1_6808064755589270786.mp4;1;0
@ilusha_help_6826803160842079494;ilusha_help;121.2;ilusha_help|–ø—Ä–∞–Ω–∫|—Å—Ç—Ä–∞—Ö|—Ä–µ–∫–æ–º–µ–Ω–¥–∞—Ü–∏–∏|—Ö–æ—á—É–≤—Ä–µ–∫–æ–º–µ–Ω–¥–∞—Ü–∏–∏|—Ö–æ—á—É–≤—Ä–µ–∫|—Ä–µ–∫constanntinn|–∏–ª—é—à–∞—Ö—ç–ª–ø|–∂–∏–∑–∞|—Ä–µ–∫|tiktok;22;–æ—Ä–∏–≥–∏–Ω–∞–ª—å–Ω—ã–π –∑–≤—É–∫;https://tiktok.com/@ilusha_help/video/6826803160842079494;./downloaded/100mil+\@ilusha_help_6826803160842079494.mp4;0;0
@jonosean_6940189388311629062;jonosean;120.6;jonosean|LiftYourDream|ocd|paint|satisfying|aesthetic|tiktok;19;original sound;https://tiktok.com/@jonosean/video/6940189388311629062;./downloaded/100mil+\@jonosean_6940189388311629062.mp4;-1;0
@im_ewing__6815759097355357446;im_ewing_;159.0;im_ewing_|tiktok|wow|fyp|foryou|foryoupage|handmade|trending;24;original sound;https://tiktok.com/@im_ewing_/video/6815759097355357446;./downloaded/100mil+\@im_ewing__6815759097355357446.mp4;-1;0
@funnyvids2k21_6913865911485074690;funnyvids2k21;94.5;funnyvids2k21|foryou|foryoupage|4u|wee|animals|tiktok|dog|fyp|xyzbca|funny|fail|viral|fox;7;.....Wiii;https://tiktok.com/@funnyvids2k21/video/6913865911485074690;./downloaded/90mil+\@funnyvids2k21_6913865911485074690.mp4;0;0
@mr.arnav...07_6748023651062385921;mr.arnav...07;90.2;mr.arnav...07|tiktok;14;original sound - Sohidul Islam;https://tiktok.com/@mr.arnav...07/video/6748023651062385921;./downloaded/90mil+\@mr.arnav...07_6748023651062385921.mp4;0;1
@thesortarican_6788833646091504902;thesortarican;217.6;thesortarican|fyp|featureme|makeup|funny|lol|tiktok|foryou|meme|beauty;13;original sound;https://tiktok.com/@thesortarican/video/6788833646091504902;./downloaded/100mil+\@thesortarican_6788833646091504902.mp4;-1;0
@mattzworld_6835045443987115270;mattzworld;106.4;mattzworld|foryou|foryoupage|tiktok;11;original sound;https://tiktok.com/@mattzworld/video/6835045443987115270;./downloaded/100mil+\@mattzworld_6835045443987115270.mp4;0;1
@supremevenus_6905921714199284998;supremevenus;104.0;supremevenus|beautification|eyelashes|fyp|tiktok|makeup;8;original sound;https://tiktok.com/@supremevenus/video/6905921714199284998;./downloaded/100mil+\@supremevenus_6905921714199284998.mp4;-1;0
@deepesh_zo_6838644387279359233;deepesh_zo;128.6;deepesh_zo|story|fyp|15svines|tiktok|tiktokindia;58;original sound;https://tiktok.com/@deepesh_zo/video/6838644387279359233;./downloaded/100mil+\@deepesh_zo_6838644387279359233.mp4;-1;0
@monikundu4_6798211746101267714;monikundu4;91.2;monikundu4|15svines|sofunny|foryou|familymasti|comedystar|tiktok;12;original sound - Abraz I Khan;https://tiktok.com/@monikundu4/video/6798211746101267714;./downloaded/90mil+\@monikundu4_6798211746101267714.mp4;0;1
@natashakhanal25_6753383764296076550;natashakhanal25;103.3;natashakhanal25|duet|feautureme|foryou|tiktok|keepsupporting;8;original sound - Somya;https://tiktok.com/@natashakhanal25/video/6753383764296076550;./downloaded/100mil+\@natashakhanal25_6753383764296076550.mp4;-1;0
@ahmad_ataki_6790355609196956934;ahmad_ataki;119.1;ahmad_ataki|ÿ≥Ÿàÿ±Ÿäÿß|ŸÖÿµÿ±|ŸÑÿ®ŸÜÿßŸÜ|ÿ™ÿ±ŸÉŸäÿß|ÿßŸÑŸÖÿ∫ÿ±ÿ®|ÿßŸÑÿ¨ÿ≤ÿßÿ¶ÿ±|ÿ™ŸàŸÜÿ≥|tiktok|love|marocco;15;orijinal ses;https://tiktok.com/@ahmad_ataki/video/6790355609196956934;./downloaded/100mil+\@ahmad_ataki_6790355609196956934.mp4;1;0
@alpeshpoptani_6819288993335627009;alpeshpoptani;121.3;alpeshpoptani|alpessalon|tiktokindia|tiktok|foryoupage|fyp|foryou|trending|style|hair;14;original sound -  SP Rathore;https://tiktok.com/@alpeshpoptani/video/6819288993335627009;./downloaded/100mil+\@alpeshpoptani_6819288993335627009.mp4;0;1
@officialhowiemandel_6749660332827970822;officialhowiemandel;116.9;officialhowiemandel|whitechicks|tiktok|howiemandel|fyp;29;A Thousand Miles;https://tiktok.com/@officialhowiemandel/video/6749660332827970822;./downloaded/100mil+\@officialhowiemandel_6749660332827970822.mp4;1;0
@yewu2_6801341759839309061;yewu2;125.2;yewu2|tiktok|fypfashionasmr;12;Without Me;https://tiktok.com/@yewu2/video/6801341759839309061;./downloaded/100mil+\@yewu2_6801341759839309061.mp4;1;0
@kamini_makeup_artist_6819937536668945665;kamini_makeup_artist;114.7;kamini_makeup_artist|trending|foryou|foryoupage|tiktok|tiktokindia|dermaplaning|hair;15;GARMI 3;https://tiktok.com/@kamini_makeup_artist/video/6819937536668945665;./downloaded/100mil+\@kamini_makeup_artist_6819937536668945665.mp4;1;0
@mvryhan_6807811521897352453;mvryhan;328.8;mvryhan|tiktok|lait|fyp|—Ä–µ–∫|fanny|pourtoi;15;–æ—Ä–∏–≥–∏–Ω–∞–ª—å–Ω—ã–π –∑–≤—É–∫;https://tiktok.com/@mvryhan/video/6807811521897352453;./downloaded/100mil+\@mvryhan_6807811521897352453.mp4;1;0
@piyushnagar77_6782116473985879297;piyushnagar77;127.9;piyushnagar77|puyushnagar|mercedes|tiktok|tiktokindia;11;original sound;https://tiktok.com/@piyushnagar77/video/6782116473985879297;./downloaded/100mil+\@piyushnagar77_6782116473985879297.mp4;-1;0
@sagarkds_6824497403069074689;sagarkds;101.5;sagarkds|comedy;15;original sound;https://tiktok.com/@sagarkds/video/6824497403069074689;./downloaded/100mil+\@sagarkds_6824497403069074689.mp4;1;0
@longneck_6799859472131951877;longneck;145.6;longneck|fyp|foryou|tiktok|food|foruyou;9;original sound;https://tiktok.com/@longneck/video/6799859472131951877;./downloaded/100mil+\@longneck_6799859472131951877.mp4;-1;0
@lelya_boss_6813758281102724358;lelya_boss;184.1;lelya_boss|fyp|prank|foryou|funny;17;Fanny_lylya_boss;https://tiktok.com/@lelya_boss/video/6813758281102724358;./downloaded/100mil+\@lelya_boss_6813758281102724358.mp4;0;0
@britishpromise.cats_6839416095586159878;britishpromise.cats;275.3;britishpromise.cats|catsoftiktok|viral|funny|cute|cutness|foryoupage;13;origineel geluid;https://tiktok.com/@britishpromise.cats/video/6839416095586159878;./downloaded/100mil+\@britishpromise.cats_6839416095586159878.mp4;1;0
@khaby.lame_6948740634060639493;khaby.lame;211.7;khaby.lame|foryoupage|comic;30;suono originale;https://tiktok.com/@khaby.lame/video/6948740634060639493;./downloaded/100mil+\@khaby.lame_6948740634060639493.mp4;-1;0
@khaby.lame_6935041553903717638;khaby.lame;163.3;khaby.lame|foryou|foryoupage;11;suono originale;https://tiktok.com/@khaby.lame/video/6935041553903717638;./downloaded/100mil+\@khaby.lame_6935041553903717638.mp4;-1;0
@emma.cxmpbell_6866909240007691526;emma.cxmpbell;264.5;emma.cxmpbell|fyp|animal|lion|lioness|foryoupage|safari;13;Such a Whore (Baddest Remix);https://tiktok.com/@emma.cxmpbell/video/6866909240007691526;./downloaded/100mil+\@emma.cxmpbell_6866909240007691526.mp4;1;0
@patrickhanson17_6846097184811748613;patrickhanson17;305.2;patrickhanson17|trickshot|pingpong|rubegoldberg|quarantine|boredinthehouse|fyp|espn|foryoupage;53;original sound;https://tiktok.com/@patrickhanson17/video/6846097184811748613;./downloaded/100mil+\@patrickhanson17_6846097184811748613.mp4;0;1
@abrameng_6857645697915751686;abrameng;144.3;abrameng|foryou|foryoupage|fyp|viral|GotMilkChallenge|TikTokRecipe;12;original sound;https://tiktok.com/@abrameng/video/6857645697915751686;./downloaded/100mil+\@abrameng_6857645697915751686.mp4;1;0
@khaby.lame_6949854998838660357;khaby.lame;171.0;khaby.lame|foryoupage|comic;30;suono originale;https://tiktok.com/@khaby.lame/video/6949854998838660357;./downloaded/100mil+\@khaby.lame_6949854998838660357.mp4;-1;0
@tamara.kimberly_6898673134929530114;tamara.kimberly;109.6;tamara.kimberly|truelove|foryoupage;9;true love by pink;https://tiktok.com/@tamara.kimberly/video/6898673134929530114;./downloaded/100mil+\@tamara.kimberly_6898673134929530114.mp4;1;0
@kerryhirz_6810000404328369414;kerryhirz;226.4;kerryhirz|foryoupage|fyp|skydiving;21;Falling;https://tiktok.com/@kerryhirz/video/6810000404328369414;./downloaded/100mil+\@kerryhirz_6810000404328369414.mp4;1;0
@xoxosantana_6861261005922536709;xoxosantana;186.5;xoxosantana|RN|nurse|fyp|foryoupage|wearfigs;12;Fat Joe - All the Way Up;https://tiktok.com/@xoxosantana/video/6861261005922536709;./downloaded/100mil+\@xoxosantana_6861261005922536709.mp4;0;0
@atul_bhoyar__6784617002574138626;atul_bhoyar_;298.3;atul_bhoyar_|foryou|team07|respectwoman|1millionauditionru|tiktok_india|expression;15;original sound - Oddboe ‚≠êÔ∏èboe;https://tiktok.com/@atul_bhoyar_/video/6784617002574138626;./downloaded/100mil+\@atul_bhoyar__6784617002574138626.mp4;0;1
@arielctyson_6968607646542810373;arielctyson;128.7;arielctyson|HoldMyMilk|fyp|foryou|momdad|baby|familythings|bigfamily|foryoupage|pregnant|boydad|dadtok|momtok;17;Touch Down 2 Cause Hell;https://tiktok.com/@arielctyson/video/6968607646542810373;./downloaded/100mil+\@arielctyson_6968607646542810373.mp4;1;0
@banditthecoon_6924780149560986886;banditthecoon;94.2;banditthecoon|funny|fyp|raccoons|love|bff|foryoupage|ThisorThatSBLV;10;original sound;https://tiktok.com/@banditthecoon/video/6924780149560986886;./downloaded/90mil+\@banditthecoon_6924780149560986886.mp4;1;0
@inoxiasounds_6760948081396681989;inoxiasounds;140.8;inoxiasounds|foryou|foryoupage|fyp|dancemonkey|viral|inoxia|busker|singer;59;original sound;https://tiktok.com/@inoxiasounds/video/6760948081396681989;./downloaded/100mil+\@inoxiasounds_6760948081396681989.mp4;0;1
@anisalysiaaa_6959917826354285826;anisalysiaaa;100.5;anisalysiaaa|stitch|fyp|foryoupage;11;original sound - anisalysia;https://tiktok.com/@anisalysiaaa/video/6959917826354285826;./downloaded/100mil+\@anisalysiaaa_6959917826354285826.mp4;0;1
@carlylassley_6902782417698852102;carlylassley;138.3;carlylassley|babiesoftiktok|fyp|foryoupage;12;Hola Ni√±os Trailer;https://tiktok.com/@carlylassley/video/6902782417698852102;./downloaded/100mil+\@carlylassley_6902782417698852102.mp4;0;1
@eliefeghaly7_6927853379196652802;eliefeghaly7;123.5;eliefeghaly7|eliefeghaly7|dubai|uae|visitdubai|amazing|ksa|russia|moscow|fyp|foryoupage|viral|abovetheclouds|italy|india|uk|usa|uae;14;In The End - Mellen Gi Remix;https://tiktok.com/@eliefeghaly7/video/6927853379196652802;./downloaded/100mil+\@eliefeghaly7_6927853379196652802.mp4;0;0
@venera_creations_6770755985565945093;venera_creations;114.5;venera_creations|procreate|savetheworld|foryoupage|forupage|fyp|4u;55;Dear 2045;https://tiktok.com/@venera_creations/video/6770755985565945093;./downloaded/100mil+\@venera_creations_6770755985565945093.mp4;0;0
@mattstauffer3_6786036492658560262;mattstauffer3;94.1;mattstauffer3|foryou|foryoupage|xyzbca;48;bed time;https://tiktok.com/@mattstauffer3/video/6786036492658560262;./downloaded/90mil+\@mattstauffer3_6786036492658560262.mp4;0;1
@romper_6894608724938231045;romper;139.8;romper|fyp|foryou|foryoupage;12;original sound;https://tiktok.com/@romper/video/6894608724938231045;./downloaded/100mil+\@romper_6894608724938231045.mp4;0;1
@kittenmeow555_6874119887996964097;kittenmeow555;118.0;kittenmeow555|cat|catlover|kitten|catsoftiktok|fyp|foryoupage|foryou;5;original sound;https://tiktok.com/@kittenmeow555/video/6874119887996964097;./downloaded/100mil+\@kittenmeow555_6874119887996964097.mp4;1;0
@khaby.lame_6949854524106476805;khaby.lame;95.5;khaby.lame|foryoupage|comic;25;suono originale;https://tiktok.com/@khaby.lame/video/6949854524106476805;./downloaded/90mil+\@khaby.lame_6949854524106476805.mp4;0;1
@_chloe_aesthetics_6756698672613936390;_chloe_aesthetics;103.0;_chloe_aesthetics|glitters|glitter|aesthetic|aesthetics|slowmo|foryou|foryoupage|satisfying|fyp|goviral;10;Stop choking yourself to my audio and hi Howie;https://tiktok.com/@_chloe_aesthetics/video/6756698672613936390;./downloaded/100mil+\@_chloe_aesthetics_6756698672613936390.mp4;0;1
@nailartistkim_6805529505067748614;nailartistkim;161.4;nailartistkim|foryou|acrylic|foryoupage|nailart|nailvideos;17;Wrong;https://tiktok.com/@nailartistkim/video/6805529505067748614;./downloaded/100mil+\@nailartistkim_6805529505067748614.mp4;1;0
@edworthecreative_6942970224828288262;edworthecreative;133.5;edworthecreative|viral|foryoupage|timesquare|streephotography|bodybuilder;51;Astronaut In The Ocean;https://tiktok.com/@edworthecreative/video/6942970224828288262;./downloaded/100mil+\@edworthecreative_6942970224828288262.mp4;1;0
@itsavage_6800579287134014725;itsavage;142.5;itsavage|foryou|fyp|foryoupage;49;If The World Was Ending;https://tiktok.com/@itsavage/video/6800579287134014725;./downloaded/100mil+\@itsavage_6800579287134014725.mp4;1;0
@underconstruction2021_6933967402619227398;underconstruction2021;210.5;underconstruction2021|fy|foryoupage|foryou|car|accident;17;Monster;https://tiktok.com/@underconstruction2021/video/6933967402619227398;./downloaded/100mil+\@underconstruction2021_6933967402619227398.mp4;1;0
@davidbeck_6829040758486502661;davidbeck;166.9;davidbeck|tiktokwellness|esportsforall|xyzbca|fyp|fypg|foryou|foryoupage|forupage|fypage|satisfying|asmr|4u|fypchallenge|viral;18;Butterfly's Repose;https://tiktok.com/@davidbeck/video/6829040758486502661;./downloaded/100mil+\@davidbeck_6829040758486502661.mp4;0;1
@aryanverma_001_6799176966512741634;aryanverma_001;141.9;aryanverma_001|foryou|foryoupage|tiktok|viral|wow;21;original sound - ‚ô•Ô∏è Artist boiüñåÔ∏è;https://tiktok.com/@aryanverma_001/video/6799176966512741634;./downloaded/100mil+\@aryanverma_001_6799176966512741634.mp4;-1;0
@davidbeck_6923014058715368710;davidbeck;146.8;davidbeck|bellletstalk|xgamesmode|xyzbca|asmr|satisfying|trending|viral|fyp|foryou|foryoupage|4u|duet|fyp„Ç∑|fypg|fu;11;original sound;https://tiktok.com/@davidbeck/video/6923014058715368710;./downloaded/100mil+\@davidbeck_6923014058715368710.mp4;0;1
@kapsalonfreedomboxmeer_6961386642519182597;kapsalonfreedomboxmeer;232.5;kapsalonfreedomboxmeer|viral|viralforyou|foryou|foryoupage|kapsalonfreedomboxmeer;59;origineel geluid;https://tiktok.com/@kapsalonfreedomboxmeer/video/6961386642519182597;./downloaded/100mil+\@kapsalonfreedomboxmeer_6961386642519182597.mp4;0;1
@abelcarden_6774280629434584325;abelcarden;142.2;abelcarden|foryou|fyp|foryoupage|fy|AF1|imessedup;41;original sound;https://tiktok.com/@abelcarden/video/6774280629434584325;./downloaded/100mil+\@abelcarden_6774280629434584325.mp4;1;0
@desirock_07_6961422744852434177;desirock_07;217.3;desirock_07|foryou|foryoupage;18;original sound;https://tiktok.com/@desirock_07/video/6961422744852434177;./downloaded/100mil+\@desirock_07_6961422744852434177.mp4;1;0
@itsyurrboiameer_6791572376992697606;itsyurrboiameer;90.5;itsyurrboiameer|MyInstaxShoutout|favoritemovies|welovepizza|fyp|foryoupage|foryou|viral|trend;15;original sound;https://tiktok.com/@itsyurrboiameer/video/6791572376992697606;./downloaded/90mil+\@itsyurrboiameer_6791572376992697606.mp4;-1;0
@scwillywonka_6929236421391813894;scwillywonka;101.6;scwillywonka|fyp|foryoupage|mariniscandies|candyman|candy;59;original sound;https://tiktok.com/@scwillywonka/video/6929236421391813894;./downloaded/100mil+\@scwillywonka_6929236421391813894.mp4;1;0
@abrameng_6852099259865615622;abrameng;90.0;abrameng|foryou|fyp|foryoupage|viral|LetsFaceIt|IAmLost;10;FlyBoyFu - Laffy Taffy (Remix);https://tiktok.com/@abrameng/video/6852099259865615622;./downloaded/90mil+\@abrameng_6852099259865615622.mp4;0;1
@blaze_6803524613360962821;blaze;100.8;blaze|fyp|foryou|foryoupage;13;original sound;https://tiktok.com/@blaze/video/6803524613360962821;./downloaded/100mil+\@blaze_6803524613360962821.mp4;0;1
@gofetch_6815510962989288709;gofetch;137.1;gofetch|fy|fyp|foryou|foryoupage|dog|doggo|dogsoftiktok|flyingdog|dogjump|cleverdog;12;In The End - Mellen Gi Remix;https://tiktok.com/@gofetch/video/6815510962989288709;./downloaded/100mil+\@gofetch_6815510962989288709.mp4;0;0
@slickbartender_6910765409725779206;slickbartender;106.9;slickbartender|fail|fails|MyHaul|fyp|foryoupage|mipan;16;Mi Pan Su Su Sum;https://tiktok.com/@slickbartender/video/6910765409725779206;./downloaded/100mil+\@slickbartender_6910765409725779206.mp4;0;0
@dndhulett_6869061251557870853;dndhulett;97.8;dndhulett|fyp|trick|foru|trickshot|foryoupage;24;original sound;https://tiktok.com/@dndhulett/video/6869061251557870853;./downloaded/90mil+\@dndhulett_6869061251557870853.mp4;1;0
@aatinay_6908566721750125826;aatinay;116.3;aatinay|supportivebrother|aatinay|fyp|foryou|foryoupage;39;original sound - Khen‚ú®;https://tiktok.com/@aatinay/video/6908566721750125826;./downloaded/100mil+\@aatinay_6908566721750125826.mp4;1;0
@rio.tew_6836724424373275909;rio.tew;98.7;rio.tew|art|artist|makeup|drawing|panslabyrinth|foryoupage|foryou|fyp;7;HAHA;https://tiktok.com/@rio.tew/video/6836724424373275909;./downloaded/90mil+\@rio.tew_6836724424373275909.mp4;1;0
@youneszarou_6831141354635021574;youneszarou;118.2;youneszarou|yzfamily|tutorial|sotiktok|fyp|foryoupage|f√ºrdich;25;Originalton;https://tiktok.com/@youneszarou/video/6831141354635021574;./downloaded/100mil+\@youneszarou_6831141354635021574.mp4;1;0
@cs99tv_6906299733397048582;cs99tv;104.2;cs99tv|foryou|fyp|foryoupage|trending|viral|tennis|football|tictactoe|challenge|xyzbca|funny|sports;23;original sound;https://tiktok.com/@cs99tv/video/6906299733397048582;./downloaded/100mil+\@cs99tv_6906299733397048582.mp4;1;0
@aryanshii09_6801426507702062337;aryanshii09;93.4;aryanshii09|foryou|foryoupage|slowmo|slowmotion;13;Candy Shop;https://tiktok.com/@aryanshii09/video/6801426507702062337;./downloaded/90mil+\@aryanshii09_6801426507702062337.mp4;0;0
@ayushyadav7100_6798879296875138306;ayushyadav7100;95.7;ayushyadav7100|prank|foryoupage|hearttouching|trending;59;original sound - Ayush Yadav;https://tiktok.com/@ayushyadav7100/video/6798879296875138306;./downloaded/90mil+\@ayushyadav7100_6798879296875138306.mp4;1;0
@youneszarou_6786254491860749573;youneszarou;209.5;youneszarou|yzfamily|tutorial|sotiktok|f√ºrdich|fyp|foryoupage|foyou;20;Originalton;https://tiktok.com/@youneszarou/video/6786254491860749573;./downloaded/100mil+\@youneszarou_6786254491860749573.mp4;0;1
@mackenziesol_6931837986405371141;mackenziesol;100.7;mackenziesol|foryoufypforyoupageomgfaildumbbrotherbruhwhy@michaelzeidel;15;Roses (Imanbek Remix);https://tiktok.com/@mackenziesol/video/6931837986405371141;./downloaded/100mil+\@mackenziesol_6931837986405371141.mp4;0;0
@chetanpatil4_6796644985698585858;chetanpatil4;94.1;chetanpatil4|fyp|foryou|trending|dance|danceindia|foryoupage|dhoka|breakup|love|onesidelove;11;original sound;https://tiktok.com/@chetanpatil4/video/6796644985698585858;./downloaded/90mil+\@chetanpatil4_6796644985698585858.mp4;1;0
@swagboyq_6770770283994352901;swagboyq;144.7;swagboyq|fyp|foryou|foryoupage;14;can't stop laughing;https://tiktok.com/@swagboyq/video/6770770283994352901;./downloaded/100mil+\@swagboyq_6770770283994352901.mp4;-1;0
@angelrai07_6788835265810091266;angelrai07;234.0;angelrai07|angelrai|foryoupage|duetwithangel|tiktokindia|viral|trending|apnehisabse|love;12;Moto;https://tiktok.com/@angelrai07/video/6788835265810091266;./downloaded/100mil+\@angelrai07_6788835265810091266.mp4;1;0
@kapsalonfreedomboxmeer_6952087901459025158;kapsalonfreedomboxmeer;143.2;kapsalonfreedomboxmeer|viral|viralvideo|foryoupage|foryou;59;origineel geluid;https://tiktok.com/@kapsalonfreedomboxmeer/video/6952087901459025158;./downloaded/100mil+\@kapsalonfreedomboxmeer_6952087901459025158.mp4;0;1
@brysonstubbs_6742960477665496326;brysonstubbs;104.6;brysonstubbs|foryou|viral|fyp|trend|trending|fypage|foryoupage|carsystem|beepchallenge|beep;11;Use the sound;https://tiktok.com/@brysonstubbs/video/6742960477665496326;./downloaded/100mil+\@brysonstubbs_6742960477665496326.mp4;0;1
@khaby.lame_6949115989145537797;khaby.lame;93.4;khaby.lame|foryoupage|comic;10;son original;https://tiktok.com/@khaby.lame/video/6949115989145537797;./downloaded/90mil+\@khaby.lame_6949115989145537797.mp4;0;1
@ayushyadav7100_6787187755991551233;ayushyadav7100;105.7;ayushyadav7100|foryou|lovegoal|couplegoals|ayushyadav|cuteproposal|hearttouching;59;original sound - Ayush Yadav;https://tiktok.com/@ayushyadav7100/video/6787187755991551233;./downloaded/100mil+\@ayushyadav7100_6787187755991551233.mp4;1;0
@cycle_star_chandan_6806847127487122689;cycle_star_chandan;156.7;cycle_star_chandan|cycle_star_chandan|‡¨∏‡¨æ‡¨á‡¨ï‡≠á‡¨≤‡≠ç_‡¨∑‡≠ç‡¨ü‡¨æ‡¨∞‡≠ç|chandan_02|dkl_talent143|guru_mahima|dhenkanal|tiktokodisha|foryoupage|viral|odisha;14;original sound;https://tiktok.com/@cycle_star_chandan/video/6806847127487122689;./downloaded/100mil+\@cycle_star_chandan_6806847127487122689.mp4;1;0
@julissavazquezs_6793953633818987782;julissavazquezs;100.6;julissavazquezs|foryoupage|babylove|babychallenge|TheReplay|fyp|babygirl|cutebabychalle|CoolRanchDace;5;original sound;https://tiktok.com/@julissavazquezs/video/6793953633818987782;./downloaded/100mil+\@julissavazquezs_6793953633818987782.mp4;-1;0
@andythesk_6877786363962477825;andythesk;105.0;andythesk|fyp|foryou|foryoupage;15;THICK;https://tiktok.com/@andythesk/video/6877786363962477825;./downloaded/100mil+\@andythesk_6877786363962477825.mp4;1;0
@usman_tz_6804051680540364033;usman_tz;95.6;usman_tz|horro|comedy|1soul|usman69|sarman|sarfarazsfz|boss1s|foryoupage|tikokindia|content;23;MAUT KA JHOOLA;https://tiktok.com/@usman_tz/video/6804051680540364033;./downloaded/90mil+\@usman_tz_6804051680540364033.mp4;1;0
@stuntman.sam_6811619120983854341;stuntman.sam;171.1;stuntman.sam|Raptor|raptorlove|shareyourplaylist|idknever|smallgestures|foryou|fyp|foryoupage|universalstudios;16;original sound;https://tiktok.com/@stuntman.sam/video/6811619120983854341;./downloaded/100mil+\@stuntman.sam_6811619120983854341.mp4;0;1
@sam.spitz_6820363687908347142;sam.spitz;128.7;sam.spitz|fypg|forupage|f√ºrdich|foryoupage|dog|spitz|kleinspitz|pomeranian|fyp|f√ºrdichseite|fyp„Ç∑|foryou|fy|f√ºrdichpage;15;–î–∏–∫–∞—è –ª—å–≤–∏—Ü–∞;https://tiktok.com/@sam.spitz/video/6820363687908347142;./downloaded/100mil+\@sam.spitz_6820363687908347142.mp4;-1;0
@youneszarou_6800725196450909445;youneszarou;121.9;youneszarou|yzfamily|sotiktok|tutorial|foryoupage|f√ºrdich;26;Originalton;https://tiktok.com/@youneszarou/video/6800725196450909445;./downloaded/100mil+\@youneszarou_6800725196450909445.mp4;-1;0
@thekhaleesicat_6854586589989833990;thekhaleesicat;99.7;thekhaleesicat|trend|joke|Khaleesi|funny|kittensoftiktok|foryou|fyp|foryoupage|cute|catsoftiktok;6;hahahahahaha;https://tiktok.com/@thekhaleesicat/video/6854586589989833990;./downloaded/90mil+\@thekhaleesicat_6854586589989833990.mp4;0;0
@deepakjoshi.102_6800664456671104258;deepakjoshi.102;103.6;deepakjoshi.102|foryou|trending|trend|foryoupage;10;Hue Bechain;https://tiktok.com/@deepakjoshi.102/video/6800664456671104258;./downloaded/100mil+\@deepakjoshi.102_6800664456671104258.mp4;0;0
@saifbmx19_6818395093867760898;saifbmx19;115.3;saifbmx19|saifbmx|bmx|bmxfail|bmxindia|teamd17|foryoupage|foryou|tiktokindia;10;Dhola Aayo Re Remix;https://tiktok.com/@saifbmx19/video/6818395093867760898;./downloaded/100mil+\@saifbmx19_6818395093867760898.mp4;0;1
@malorielynn14_6702952481954991366;malorielynn14;101.4;malorielynn14|fails|summer|foryou|foryoupage|trending|featureme;11;Wraith - Y2K Remix;https://tiktok.com/@malorielynn14/video/6702952481954991366;./downloaded/100mil+\@malorielynn14_6702952481954991366.mp4;0;0
@caarlwin_6915810594624916738;caarlwin;92.0;caarlwin|pourtoi|viral|satisfying|satisfaction|fyp|foryoupage|scotch;15;Vroom Vroom;https://tiktok.com/@caarlwin/video/6915810594624916738;./downloaded/90mil+\@caarlwin_6915810594624916738.mp4;1;0
@wasildaoud_6932568246314896645;wasildaoud;114.5;wasildaoud|foryoupage|foryou;20;original sound;https://tiktok.com/@wasildaoud/video/6932568246314896645;./downloaded/100mil+\@wasildaoud_6932568246314896645.mp4;0;1
@condsty_6799582703667694853;condsty;150.9;condsty|foryou|foryoupage|f√ºrdich;12;original sound - Shaikh Sohil;https://tiktok.com/@condsty/video/6799582703667694853;./downloaded/100mil+\@condsty_6799582703667694853.mp4;-1;0
@davidbeck_6899530795900341506;davidbeck;107.1;davidbeck|watchmegrow|onlinedating|xyzbca|asmr|satisfying|fy|fyp|fypg|foryou|foryoupage|foryourpage|duet|trending|viral|4u;31;original sound;https://tiktok.com/@davidbeck/video/6899530795900341506;./downloaded/100mil+\@davidbeck_6899530795900341506.mp4;-1;0
@theliceangels_6876871769878203654;theliceangels;138.3;theliceangels|Liceremoval|Headlice|Piojos|Foryou|Foryoupage|Thousandsofbugs|Theliceangels|Corpuschristitexas|Fyp|Superlice;20;Fire ;https://tiktok.com/@theliceangels/video/6876871769878203654;./downloaded/100mil+\@theliceangels_6876871769878203654.mp4;0;0
@thelasfam_6797126679094463750;thelasfam;132.3;thelasfam|behindthescenes|baby|flying|foryou|foryoupage|viral|fyp;10;Wing$;https://tiktok.com/@thelasfam/video/6797126679094463750;./downloaded/100mil+\@thelasfam_6797126679094463750.mp4;1;0
@youtwotv_6747876207230012677;youtwotv;218.6;youtwotv|foryou|foryoupage|comedy;51;original sound;https://tiktok.com/@youtwotv/video/6747876207230012677;./downloaded/100mil+\@youtwotv_6747876207230012677.mp4;0;1
@mahesh_production_6806889809475407110;mahesh_production;108.5;mahesh_production|followme|instagram|maheshpaswan|brt_muser|vira≈Ç|trending|duet|edutok|tiktokindia|foryoupage;13;original sound;https://tiktok.com/@mahesh_production/video/6806889809475407110;./downloaded/100mil+\@mahesh_production_6806889809475407110.mp4;1;0
@tanveer_zayn_6731700256058248449;tanveer_zayn;95.8;tanveer_zayn|teamnawab|foryou|foryoupage;13;original sound - Tanveer Qureshi;https://tiktok.com/@tanveer_zayn/video/6731700256058248449;./downloaded/90mil+\@tanveer_zayn_6731700256058248449.mp4;1;0
@tanwirali7_6962934184742554885;tanwirali7;98.2;tanwirali7|—Ä–µ–∫|fyp|foryou|foryoupage;22;Jalebi Baby;https://tiktok.com/@tanwirali7/video/6962934184742554885;./downloaded/90mil+\@tanwirali7_6962934184742554885.mp4;1;0
@youneszarou_6932043807835852037;youneszarou;166.3;youneszarou|yzfamily|f√ºrdich|fyp|tutorial|foryoupage;15;Originalton;https://tiktok.com/@youneszarou/video/6932043807835852037;./downloaded/100mil+\@youneszarou_6932043807835852037.mp4;0;1
@edcscott_6797876087880682757;edcscott;113.2;edcscott|foryou|fyp|foryoupage|viral|freeruning|parkour;10;Level Up;https://tiktok.com/@edcscott/video/6797876087880682757;./downloaded/100mil+\@edcscott_6797876087880682757.mp4;1;0
@yusufbmx_6836348199725288706;yusufbmx;120.1;yusufbmx|bmx|bmxboy|yusufbmx|sports|bmxlife|bmxyusuf|tiktokindia|foryoupage;10;Dhola Aayo Re Remix;https://tiktok.com/@yusufbmx/video/6836348199725288706;./downloaded/100mil+\@yusufbmx_6836348199725288706.mp4;1;0
@sarah_crybaby_6801285729054952709;sarah_crybaby;106.5;sarah_crybaby|art|keyboard|instagram|socialmedia|paint|fyp|foryoupage|insta|ombre;11;Kesha - Take It Off;https://tiktok.com/@sarah_crybaby/video/6801285729054952709;./downloaded/100mil+\@sarah_crybaby_6801285729054952709.mp4;0;0
@aakankshas30_6797716808263683329;aakankshas30;132.2;aakankshas30|foryoupage|fyp|hitandrun;14;original sound - üåô chand üåô;https://tiktok.com/@aakankshas30/video/6797716808263683329;./downloaded/100mil+\@aakankshas30_6797716808263683329.mp4;1;0
@relaxedbryan_6957882564694658309;relaxedbryan;93.7;relaxedbryan|viralmexicanmomforyoupagefunnypendejocrazyfyplikefollow;8;sonido original;https://tiktok.com/@relaxedbryan/video/6957882564694658309;./downloaded/90mil+\@relaxedbryan_6957882564694658309.mp4;-1;0
@mohak.narang_6793980649884732674;mohak.narang;94.5;mohak.narang|Sohak|couplegoals|foryoupage|trending;20;original sound - faizan shaikhüáÆüá≥;https://tiktok.com/@mohak.narang/video/6793980649884732674;./downloaded/90mil+\@mohak.narang_6793980649884732674.mp4;1;0
@style_6802998465971391749;style;94.0;style|foryou|fyp|foryoupage;10;Sunday Morning;https://tiktok.com/@style/video/6802998465971391749;./downloaded/90mil+\@style_6802998465971391749.mp4;1;0
@robbyandpenny_6811205851047578886;robbyandpenny;110.9;robbyandpenny|fruitninja|foryoupage|viral;18;original sound;https://tiktok.com/@robbyandpenny/video/6811205851047578886;./downloaded/100mil+\@robbyandpenny_6811205851047578886.mp4;0;1
@realhyperman_6826701337095425285;realhyperman;98.8;realhyperman|tutorial|foryou|foryoupage|sotiktok|f√ºrdich|bts;19;–æ—Ä–∏–≥–∏–Ω–∞–ª—å–Ω—ã–π –∑–≤—É–∫;https://tiktok.com/@realhyperman/video/6826701337095425285;./downloaded/90mil+\@realhyperman_6826701337095425285.mp4;0;1
@nikolasplytas_6827906377395031302;nikolasplytas;91.4;nikolasplytas|foryoupage|foryou|watersports;15;Laxed (Siren Beat);https://tiktok.com/@nikolasplytas/video/6827906377395031302;./downloaded/90mil+\@nikolasplytas_6827906377395031302.mp4;1;0
@virajchopra11_6773924691640929541;virajchopra11;108.5;virajchopra11|foryoupage;10;original sound - Dev;https://tiktok.com/@virajchopra11/video/6773924691640929541;./downloaded/100mil+\@virajchopra11_6773924691640929541.mp4;1;0
@jazlynebaybee_6814512525250530566;jazlynebaybee;122.3;jazlynebaybee|fyp|foryou|foryoupage|cookislands|korean|petlife|bestfandom|workdistractions|siblingcheck|OpenForDelivery|couple;15;Laxed (Siren Beat);https://tiktok.com/@jazlynebaybee/video/6814512525250530566;./downloaded/100mil+\@jazlynebaybee_6814512525250530566.mp4;1;0
@green.rabbit_6887192120709401858;green.rabbit;92.4;green.rabbit|foryoupage|foryou;59;–æ—Ä–∏–≥–∏–Ω–∞–ª—å–Ω—ã–π –∑–≤—É–∫;https://tiktok.com/@green.rabbit/video/6887192120709401858;./downloaded/90mil+\@green.rabbit_6887192120709401858.mp4;1;0
@animaledventures_6807560022919302405;animaledventures;172.4;animaledventures|omg|foryou|foryoupage;6;original sound;https://tiktok.com/@animaledventures/video/6807560022919302405;./downloaded/100mil+\@animaledventures_6807560022919302405.mp4;0;1
@memmesson_6830076172534172933;memmesson;110.9;memmesson|foryoupage|fup|mmoss|food;13;Banana (feat. Shaggy) [DJ FLe - Minisiren Remix];https://tiktok.com/@memmesson/video/6830076172534172933;./downloaded/100mil+\@memmesson_6830076172534172933.mp4;1;0
@haseenansari094_6839351112647052546;haseenansari094;91.0;haseenansari094|sushantsinghrajput|foryou|foryoupage|treanding|tik_tok_india;15;original sound;https://tiktok.com/@haseenansari094/video/6839351112647052546;./downloaded/90mil+\@haseenansari094_6839351112647052546.mp4;0;1
@bellapoarch_6862153058223197445;bellapoarch;612.6;bellapoarch|fyp;10;M to the B;https://tiktok.com/@bellapoarch/video/6862153058223197445;./downloaded/100mil+\@bellapoarch_6862153058223197445.mp4;1;0
@fredziownik_art_6911406868699073798;fredziownik_art;247.8;fredziownik_art|dlaciebie|tiktokart|drawing|fyp;26;Deep End;https://tiktok.com/@fredziownik_art/video/6911406868699073798;./downloaded/100mil+\@fredziownik_art_6911406868699073798.mp4;1;0
@chipmunksoftiktok_6941010483021466885;chipmunksoftiktok;245.2;chipmunksoftiktok|fyp|wholesome|viral|dinky|chipmunk;15;original sound;https://tiktok.com/@chipmunksoftiktok/video/6941010483021466885;./downloaded/100mil+\@chipmunksoftiktok_6941010483021466885.mp4;0;1
@spencer2thewest_6916965467907263750;spencer2thewest;236.0;spencer2thewest|Wee|fyp|jump|jumping|viral|weememes|weeme;8;Follow weeememes;https://tiktok.com/@spencer2thewest/video/6916965467907263750;./downloaded/100mil+\@spencer2thewest_6916965467907263750.mp4;0;0
@jebunggg_6843456587017866497;jebunggg;199.9;jebunggg|fyp|sing|vine;8;original sound - Jessica Bunga;https://tiktok.com/@jebunggg/video/6843456587017866497;./downloaded/100mil+\@jebunggg_6843456587017866497.mp4;-1;0
@kelly_bove_6855066585514659077;kelly_bove;166.7;kelly_bove|fyp|foryoupage|tiktokdogs;13;Love Story;https://tiktok.com/@kelly_bove/video/6855066585514659077;./downloaded/100mil+\@kelly_bove_6855066585514659077.mp4;1;0
@itsniane_6926966356478856450;itsniane;104.7;itsniane|foryou|fyp|parents;12;Sarah Paulson crying in a British accent;https://tiktok.com/@itsniane/video/6926966356478856450;./downloaded/100mil+\@itsniane_6926966356478856450.mp4;0;0
@ox_zung_6954734740633128194;ox_zung;143.8;ox_zung|Ïù¥Ïñ¥Ï∞çÍ∏∞|Ï∂îÏ≤ú|fyp|viral|xyzbca|korean|„Åä„Åô„Åô„ÇÅ;11;Ïò§Î¶¨ÏßÄÎÑê ÏÇ¨Ïö¥Îìú - ÏõêÏ†ïÎß® WonJeong;https://tiktok.com/@ox_zung/video/6954734740633128194;./downloaded/100mil+\@ox_zung_6954734740633128194.mp4;0;1
@lovelydrxgon_6907005147801521413;lovelydrxgon;182.1;lovelydrxgon|army|fyp|notaMP;27;original sound;https://tiktok.com/@lovelydrxgon/video/6907005147801521413;./downloaded/100mil+\@lovelydrxgon_6907005147801521413.mp4;-1;0
@kiki.tiel_6902455027269389570;kiki.tiel;91.5;kiki.tiel|cockatielsoftiktok|birds|fyp|for;15;original sound;https://tiktok.com/@kiki.tiel/video/6902455027269389570;./downloaded/90mil+\@kiki.tiel_6902455027269389570.mp4;-1;0
@edjcontreras_6817924817761651974;edjcontreras;213.1;edjcontreras|dance|flipbook|foryou|fyp;15;Laxed (Siren Beat);https://tiktok.com/@edjcontreras/video/6817924817761651974;./downloaded/100mil+\@edjcontreras_6817924817761651974.mp4;1;0
@ox_zung_6938406663749684481;ox_zung;150.3;ox_zung|Ïù¥Ïñ¥Ï∞çÍ∏∞|Ï∂îÏ≤ú|fyp|viral|xyzbca|korean|„Åä„Åô„Åô„ÇÅ;13;Ïò§Î¶¨ÏßÄÎÑê ÏÇ¨Ïö¥Îìú - ÏõêÏ†ïÎß® WonJeong;https://tiktok.com/@ox_zung/video/6938406663749684481;./downloaded/100mil+\@ox_zung_6938406663749684481.mp4;0;1
@brittneyandzion_6916593920029756677;brittneyandzion;98.0;brittneyandzion|tiger|zion|bigcat|animals|fyp;32;original sound;https://tiktok.com/@brittneyandzion/video/6916593920029756677;./downloaded/90mil+\@brittneyandzion_6916593920029756677.mp4;1;0
@harelasafs_6927953729798884609;harelasafs;156.1;harelasafs|seniorita|fyp;11;original sound;https://tiktok.com/@harelasafs/video/6927953729798884609;./downloaded/100mil+\@harelasafs_6927953729798884609.mp4;0;1
@ox_zung_6957703087750466818;ox_zung;167.2;ox_zung|Ïù¥Ïñ¥Ï∞çÍ∏∞|Ï∂îÏ≤ú|fyp|viral|xyzbca|korean|„Åä„Åô„Åô„ÇÅ;12;Ïò§Î¶¨ÏßÄÎÑê ÏÇ¨Ïö¥Îìú - ÏõêÏ†ïÎß® WonJeong;https://tiktok.com/@ox_zung/video/6957703087750466818;./downloaded/100mil+\@ox_zung_6957703087750466818.mp4;-1;0
@beatboxjcop_6889681500137164034;beatboxjcop;172.0;beatboxjcop|beatboxchallenge|jinjocrew|fyp|Ï∂îÏ≤ú;39;Ïò§Î¶¨ÏßÄÎÑê ÏÇ¨Ïö¥Îìú - J-COP;https://tiktok.com/@beatboxjcop/video/6889681500137164034;./downloaded/100mil+\@beatboxjcop_6889681500137164034.mp4;0;0
@garett__nolan_6886863579765689606;garett__nolan;160.6;garett__nolan|fyp|voiceeffects;13;original sound;https://tiktok.com/@garett__nolan/video/6886863579765689606;./downloaded/100mil+\@garett__nolan_6886863579765689606.mp4;-1;0
@ronaldwilliamsofficial_6943253205765623045;ronaldwilliamsofficial;105.5;ronaldwilliamsofficial|ronaldwilliams|fyp|foryou|xyzbca;56;See You Again (Piano Arrangement);https://tiktok.com/@ronaldwilliamsofficial/video/6943253205765623045;./downloaded/100mil+\@ronaldwilliamsofficial_6943253205765623045.mp4;1;0
@minging888_6881121438632267010;minging888;141.3;minging888|dogsoftiktok|dogs|puppy|fyp|outfit;25;Tampa Curhat Beat;https://tiktok.com/@minging888/video/6881121438632267010;./downloaded/100mil+\@minging888_6881121438632267010.mp4;1;0
@nintendo.grl_6899095245141691650;nintendo.grl;113.3;nintendo.grl|;46;original sound;https://tiktok.com/@nintendo.grl/video/6899095245141691650;./downloaded/100mil+\@nintendo.grl_6899095245141691650.mp4;-1;0
@aiden_m365_6813835842323320069;aiden_m365;90.2;aiden_m365|plum|deaf|blind|doublemerle|fyp|fypage|cute|dog;26;Surrender;https://tiktok.com/@aiden_m365/video/6813835842323320069;./downloaded/90mil+\@aiden_m365_6813835842323320069.mp4;1;0
@abisicari_6958203317411499269;abisicari;137.9;abisicari|fyp|otaku;9;Ha Ha Ha;https://tiktok.com/@abisicari/video/6958203317411499269;./downloaded/100mil+\@abisicari_6958203317411499269.mp4;0;1
@ligmafrenchfries_6836563530473344261;ligmafrenchfries;96.6;ligmafrenchfries|fyp;15;Kolors;https://tiktok.com/@ligmafrenchfries/video/6836563530473344261;./downloaded/90mil+\@ligmafrenchfries_6836563530473344261.mp4;0;0
@tillyramsay_6946241145101929734;tillyramsay;107.6;tillyramsay|fyp;8;the real sorority check;https://tiktok.com/@tillyramsay/video/6946241145101929734;./downloaded/100mil+\@tillyramsay_6946241145101929734.mp4;-1;0
@minecraft_noon_6887911738507840770;minecraft_noon;160.3;minecraft_noon|minecraft|minecraftpe|minecraftbuilding|satisfying|build|house|foryou|pourtoi|tiktok|fyp|tendance|tiktok;30;original sound;https://tiktok.com/@minecraft_noon/video/6887911738507840770;./downloaded/100mil+\@minecraft_noon_6887911738507840770.mp4;-1;0
@ricecowboy_6935536179399953670;ricecowboy;139.7;ricecowboy|rabbit|rabbits|rabbitrescue|rabbitsoftiktok|bunny|bunnies|bunniesoftiktok|bunnyrescue|abc|xyz|fyp|foryou;18;Lonely;https://tiktok.com/@ricecowboy/video/6935536179399953670;./downloaded/100mil+\@ricecowboy_6935536179399953670.mp4;1;0
@ox_zung_6910202622200909058;ox_zung;138.1;ox_zung|Ïù¥Ïñ¥Ï∞çÍ∏∞|Ï∂îÏ≤ú|fyp|viral|funny|xyzbca|korean|„Åä„Åô„Åô„ÇÅ;10;Ïò§Î¶¨ÏßÄÎÑê ÏÇ¨Ïö¥Îìú - ÏõêÏ†ïÎß®;https://tiktok.com/@ox_zung/video/6910202622200909058;./downloaded/100mil+\@ox_zung_6910202622200909058.mp4;1;0
@skywaymisfits_6938045656640605445;skywaymisfits;147.9;skywaymisfits|skywaymisfits|floridafishing|goliath|grouper|fyp|xyzbca|tampa|family|bangenergy;59;original sound;https://tiktok.com/@skywaymisfits/video/6938045656640605445;./downloaded/100mil+\@skywaymisfits_6938045656640605445.mp4;-1;0
@korasplanet_6857970538422357253;korasplanet;103.7;korasplanet|duet|popcornduet|fyp|foryou|xyzbca|ThisIsBliss|OutfitChange|GetFit|ACupgrade;14;original sound - ·¥ä ·¥ç ·¥ã ·¥è;https://tiktok.com/@korasplanet/video/6857970538422357253;./downloaded/100mil+\@korasplanet_6857970538422357253.mp4;0;1
@.baby.frogs_6955517063230278918;.baby.frogs;121.7;.baby.frogs|frogarmy|tadpoles|pool|nature|fyp;21;original sound;https://tiktok.com/@.baby.frogs/video/6955517063230278918;./downloaded/100mil+\@.baby.frogs_6955517063230278918.mp4;-1;0
@tommasomasino1_6930643307429170437;tommasomasino1;119.3;tommasomasino1|collage|fyp|hello|ü¶ã|ciao|salut;15;son original;https://tiktok.com/@tommasomasino1/video/6930643307429170437;./downloaded/100mil+\@tommasomasino1_6930643307429170437.mp4;1;0
@azchpn_6894578098059201794;azchpn;102.9;azchpn|poodle|fyp|dogsoftiktok|foryourpage|Áä¨|„Éà„Ç§„Éó„Éº„Éâ„É´;14;„Ç™„É™„Ç∏„Éä„É´Ê•ΩÊõ≤ - Panna;https://tiktok.com/@azchpn/video/6894578098059201794;./downloaded/100mil+\@azchpn_6894578098059201794.mp4;0;0
@dobyandblue_6798926213487348998;dobyandblue;127.5;dobyandblue|prank|corgi|dog|fyp|foryourpage;10;original sound;https://tiktok.com/@dobyandblue/video/6798926213487348998;./downloaded/100mil+\@dobyandblue_6798926213487348998.mp4;-1;0
@jaykindafunny8_6911384624874736902;jaykindafunny8;138.0;jaykindafunny8|fyp|foryou|mu√±a√±yo;18;original sound;https://tiktok.com/@jaykindafunny8/video/6911384624874736902;./downloaded/100mil+\@jaykindafunny8_6911384624874736902.mp4;-1;0
@mascotzoli_6899854914390936838;mascotzoli;99.1;mascotzoli|bodychallenge|megantheestallion|fyp|mascotzoli;16;Body;https://tiktok.com/@mascotzoli/video/6899854914390936838;./downloaded/90mil+\@mascotzoli_6899854914390936838.mp4;1;0
@ox_zung_6918375185200598273;ox_zung;152.7;ox_zung|Ïù¥Ïñ¥Ï∞çÍ∏∞|Ï∂îÏ≤ú|fyp|viral|funny|xyzbca|„Åä„Åô„Åô„ÇÅ;18;Ïò§Î¶¨ÏßÄÎÑê ÏÇ¨Ïö¥Îìú - ÏõêÏ†ïÎß® WonJeong;https://tiktok.com/@ox_zung/video/6918375185200598273;./downloaded/100mil+\@ox_zung_6918375185200598273.mp4;0;1
@namenimsand_6911607360075091202;namenimsand;108.9;namenimsand|fyp|foryou|2020;13;Goodbye ;https://tiktok.com/@namenimsand/video/6911607360075091202;./downloaded/100mil+\@namenimsand_6911607360075091202.mp4;1;0
@nathangrayy_6905061246006037766;nathangrayy;147.0;nathangrayy|fyp|ceoofwax|viral|wax|holiday;15;Adderall (Corvette Corvette);https://tiktok.com/@nathangrayy/video/6905061246006037766;./downloaded/100mil+\@nathangrayy_6905061246006037766.mp4;1;0
@leorsaghian5_6856594764410653957;leorsaghian5;91.2;leorsaghian5|fyp|SummerDIY|InMyAEJeans|CloudBread|lovestory|taylorswift;11;Love Story;https://tiktok.com/@leorsaghian5/video/6856594764410653957;./downloaded/90mil+\@leorsaghian5_6856594764410653957.mp4;0;0
@alliesparks_6901888901036756230;alliesparks;229.7;alliesparks|married|pranks|foryou|fyp;59;Monkeys Spinning Monkeys;https://tiktok.com/@alliesparks/video/6901888901036756230;./downloaded/100mil+\@alliesparks_6901888901036756230.mp4;1;0
@cayladiane94_6917372597252459781;cayladiane94;164.8;cayladiane94|drink|shots|summertime|fyp;30;Drink (Dirty Extended);https://tiktok.com/@cayladiane94/video/6917372597252459781;./downloaded/100mil+\@cayladiane94_6917372597252459781.mp4;0;0
@jiraer23_6931461393459809542;jiraer23;91.1;jiraer23|fyp|foryou|veryfunny|dog|meme|clip;10;SugarCrash!;https://tiktok.com/@jiraer23/video/6931461393459809542;./downloaded/90mil+\@jiraer23_6931461393459809542.mp4;1;0
@jigpx_6905042838283668742;jigpx;101.9;jigpx|fyp|animation|3d;10;original sound;https://tiktok.com/@jigpx/video/6905042838283668742;./downloaded/100mil+\@jigpx_6905042838283668742.mp4;-1;0
@whamoscruzz_6934634852042001665;whamoscruzz;95.4;whamoscruzz|whamos|fyp|trending;35;Heartbreak Anniversary;https://tiktok.com/@whamoscruzz/video/6934634852042001665;./downloaded/90mil+\@whamoscruzz_6934634852042001665.mp4;1;0
@youneszarou_6887124809755446530;youneszarou;160.7;youneszarou|yzfamily|tutorial|foryoupage|f√ºrdich|fyp|yullbeyz;12;Cradles;https://tiktok.com/@youneszarou/video/6887124809755446530;./downloaded/100mil+\@youneszarou_6887124809755446530.mp4;1;0
@sand.tagious_6858016121933581574;sand.tagious;101.4;sand.tagious|satisfying|asmr|fyp;32;original sound;https://tiktok.com/@sand.tagious/video/6858016121933581574;./downloaded/100mil+\@sand.tagious_6858016121933581574.mp4;1;0
@julieb57_6901462333193817349;julieb57;125.5;julieb57|babypumpitchallenge|fyp|babydorian;15;original sound;https://tiktok.com/@julieb57/video/6901462333193817349;./downloaded/100mil+\@julieb57_6901462333193817349.mp4;1;0
@dudeperfect_6816330999392161029;dudeperfect;129.8;dudeperfect|fyp|foryou|dudeperfect|trickshot;12;Lalala;https://tiktok.com/@dudeperfect/video/6816330999392161029;./downloaded/100mil+\@dudeperfect_6816330999392161029.mp4;1;0
@foodie.beats_6917599459073412354;foodie.beats;138.5;foodie.beats|chocolate|sweets|sprinkles|cake|tiktokfood|fyp|satisfying|odlysatisfying|chocolatelover|desserts;21;Conga;https://tiktok.com/@foodie.beats/video/6917599459073412354;./downloaded/100mil+\@foodie.beats_6917599459073412354.mp4;0;0
@gordonramsayofficial_6857635720899693829;gordonramsayofficial;98.3;gordonramsayofficial|idiotsandwich|ramsayreacts|fyp;14;Rags2Riches (feat. ATR Son Son);https://tiktok.com/@gordonramsayofficial/video/6857635720899693829;./downloaded/90mil+\@gordonramsayofficial_6857635720899693829.mp4;1;0
@mgtenazas_6766131573898136838;mgtenazas;119.7;mgtenazas|fyp|foryou|sonevajani|maldives|tiktoktravel|travel|luxury;34;original sound;https://tiktok.com/@mgtenazas/video/6766131573898136838;./downloaded/100mil+\@mgtenazas_6766131573898136838.mp4;-1;0
@officialsalicerose_6800818327896820998;officialsalicerose;99.9;officialsalicerose|fyp;18;original sound;https://tiktok.com/@officialsalicerose/video/6800818327896820998;./downloaded/90mil+\@officialsalicerose_6800818327896820998.mp4;1;0
@designhouse.olivia_6925689471962746117;designhouse.olivia;108.8;designhouse.olivia|room|fyp|foryou|design|designhouse|hometour;14;Hold On;https://tiktok.com/@designhouse.olivia/video/6925689471962746117;./downloaded/100mil+\@designhouse.olivia_6925689471962746117.mp4;1;0
@yueli51_6905721488943451397;yueli51;113.7;yueli51|diy|phoneshell|foryou|phonecover|foryou|lovely|fyp;29;Drugs (feat. Two Feet);https://tiktok.com/@yueli51/video/6905721488943451397;./downloaded/100mil+\@yueli51_6905721488943451397.mp4;1;0
@ox_zung_6952136491355098369;ox_zung;103.7;ox_zung|Ïù¥Ïñ¥Ï∞çÍ∏∞|Ï∂îÏ≤ú|fyp|viral|xyzbca|korean|„Åä„Åô„Åô„ÇÅ;11;Ïò§Î¶¨ÏßÄÎÑê ÏÇ¨Ïö¥Îìú - ÏõêÏ†ïÎß® WonJeong;https://tiktok.com/@ox_zung/video/6952136491355098369;./downloaded/100mil+\@ox_zung_6952136491355098369.mp4;0;0
@taras.tolstikov_6957277807219068165;taras.tolstikov;112.0;taras.tolstikov|fyp|art|charcoaldrawing|viral|drawingprocess|portrait|queer|artprogress|CallMeByYourName|—Ä–∏—Å—É–Ω–æ–∫|nfts|nftartworkcrypto;59;original sound;https://tiktok.com/@taras.tolstikov/video/6957277807219068165;./downloaded/100mil+\@taras.tolstikov_6957277807219068165.mp4;0;1
@dimpu_7_6825256462269402369;dimpu_7;147.1;dimpu_7|fyp|likeforlike;13;original sound - George ;https://tiktok.com/@dimpu_7/video/6825256462269402369;./downloaded/100mil+\@dimpu_7_6825256462269402369.mp4;1;0
@fitness.samka_6942899980390649090;fitness.samka;172.4;fitness.samka|foryou|fyp|reaction;21;Astronaut In The Ocean;https://tiktok.com/@fitness.samka/video/6942899980390649090;./downloaded/100mil+\@fitness.samka_6942899980390649090.mp4;-1;0
@fitness.samka_6942937225705311490;fitness.samka;126.3;fitness.samka|foryou|fyp|reaction;21;Boom, Boom, Boom, Boom!!;https://tiktok.com/@fitness.samka/video/6942937225705311490;./downloaded/100mil+\@fitness.samka_6942937225705311490.mp4;1;0
@.epic_moments__6955847075842067717;.epic_moments_;91.7;.epic_moments_|respectfypf√ºrdichLiveForTheChallenge|bosslikeabosSwtfskillamazingbossviral;14;–æ—Ä–∏–≥–∏–Ω–∞–ª—å–Ω—ã–π –∑–≤—É–∫;https://tiktok.com/@.epic_moments_/video/6955847075842067717;./downloaded/90mil+\@.epic_moments__6955847075842067717.mp4;0;1
@crushinit_6769991065081515270;crushinit;96.1;crushinit|finalsweek|fyp|satisfying;15;ROXANNE;https://tiktok.com/@crushinit/video/6769991065081515270;./downloaded/90mil+\@crushinit_6769991065081515270.mp4;1;0
@azchpn_6876395213879921921;azchpn;91.4;azchpn|poodle|fyp|dogsoftiktok|foryourpage|Áä¨|„Éà„Ç§„Éó„Éº„Éâ„É´;21;„Ç™„É™„Ç∏„Éä„É´Ê•ΩÊõ≤ - Panna;https://tiktok.com/@azchpn/video/6876395213879921921;./downloaded/90mil+\@azchpn_6876395213879921921.mp4;1;0
@joshuamonis_6939836180620004613;joshuamonis;95.0;joshuamonis|spa|spanight|spanightroutine|skincare|routine|hygiene|viral|foryou|fyp;56;You Got It;https://tiktok.com/@joshuamonis/video/6939836180620004613;./downloaded/90mil+\@joshuamonis_6939836180620004613.mp4;1;0
@wonguy_6785814499849997574;wonguy;91.9;wonguy|fail|bts|eiffeltower|paris|fyp|pourtoi|tiktokfrance|prank;12;No Idea X Candy;https://tiktok.com/@wonguy/video/6785814499849997574;./downloaded/90mil+\@wonguy_6785814499849997574.mp4;-1;0
@smile_bam_6896779960359406849;smile_bam;109.7;smile_bam|ASMR|fyp|Ï∂îÏ≤ú|Î∞úÌÜ±|toenail|treatment|care|manicure|pedicure;60;Ïò§Î¶¨ÏßÄÎÑê ÏÇ¨Ïö¥Îìú - bam Smile;https://tiktok.com/@smile_bam/video/6896779960359406849;./downloaded/100mil+\@smile_bam_6896779960359406849.mp4;0;1
@suvomilon_6940666856705494278;suvomilon;111.7;suvomilon|stitch|fyp;14;Astronaut In The Ocean;https://tiktok.com/@suvomilon/video/6940666856705494278;./downloaded/100mil+\@suvomilon_6940666856705494278.mp4;1;0
@victoriavaldez046_6909531656848166149;victoriavaldez046;102.0;victoriavaldez046|renaissance|art|fyp|foryou;9;original sound;https://tiktok.com/@victoriavaldez046/video/6909531656848166149;./downloaded/100mil+\@victoriavaldez046_6909531656848166149.mp4;1;0
@jaykindafunny8_6909609072123710725;jaykindafunny8;92.8;jaykindafunny8|foryou|fyp|mu√±a√±yo;15;original sound;https://tiktok.com/@jaykindafunny8/video/6909609072123710725;./downloaded/90mil+\@jaykindafunny8_6909609072123710725.mp4;-1;0
@aashikabhatia_6749102749398371586;aashikabhatia;137.0;aashikabhatia|foryou|fyp|trending;9;chudi jo khanki sidbmachine;https://tiktok.com/@aashikabhatia/video/6749102749398371586;./downloaded/100mil+\@aashikabhatia_6749102749398371586.mp4;1;0
@martamie_6857491416654810374;martamie;110.2;martamie|tutorial|fyp|magic|TheWeekndEXP;32;original sound;https://tiktok.com/@martamie/video/6857491416654810374;./downloaded/100mil+\@martamie_6857491416654810374.mp4;-1;0
@danyakruz_6872273778743840001;danyakruz;94.9;danyakruz|foryou|cringe|fortheviews|SmallBite|fyp|fy;6;New Thang;https://tiktok.com/@danyakruz/video/6872273778743840001;./downloaded/90mil+\@danyakruz_6872273778743840001.mp4;1;0
@celinedept_6785902395219037445;celinedept;205.2;celinedept|fyp;14;Prank master;https://tiktok.com/@celinedept/video/6785902395219037445;./downloaded/100mil+\@celinedept_6785902395219037445.mp4;0;1
@jamescharles_6768188988441332998;jamescharles;1700.0;jamescharles|fyp|christmas|HolidayBeat;15;Tactical Christmas;https://tiktok.com/@jamescharles/video/6768188988441332998;./downloaded/100mil+\@jamescharles_6768188988441332998.mp4;0;1
@specializedbicycles_6916985317140598022;specializedbicycles;90.2;specializedbicycles|mtb|rampage|foryou|fyp|foryoupage;30;original sound;https://tiktok.com/@specializedbicycles/video/6916985317140598022;./downloaded/90mil+\@specializedbicycles_6916985317140598022.mp4;0;1
@ashleyetaylor_6764711771375750405;ashleyetaylor;90.1;ashleyetaylor|fyp|foryou|doggie|drawingchallage;14;Now You Have A Doggy;https://tiktok.com/@ashleyetaylor/video/6764711771375750405;./downloaded/90mil+\@ashleyetaylor_6764711771375750405.mp4;0;0
@enrrokeyophi_6932471753423817990;enrrokeyophi;140.7;enrrokeyophi|hiperrealism|sculpture|fyp|foryou|parati|omg|viral|artetiktok|yosoycreador|fy|realism|siliconebaby|baby;9;original sound;https://tiktok.com/@enrrokeyophi/video/6932471753423817990;./downloaded/100mil+\@enrrokeyophi_6932471753423817990.mp4;1;0
@arminluk_6922800763450232069;arminluk;112.8;arminluk|fyp|usa|parati|lietuva|europe|crazygardenfindings;36;In The End - Mellen Gi Remix;https://tiktok.com/@arminluk/video/6922800763450232069;./downloaded/100mil+\@arminluk_6922800763450232069.mp4;0;0
@sandwoah_6856104120009493766;sandwoah;114.6;sandwoah|satisfying|asmr|fyp;53;original sound;https://tiktok.com/@sandwoah/video/6856104120009493766;./downloaded/100mil+\@sandwoah_6856104120009493766.mp4;-1;0
@mingweirocks_6883879647793188098;mingweirocks;97.1;mingweirocks|tiktok|love|viral|fyp|foryou;59;original sound - MING ü¶Å;https://tiktok.com/@mingweirocks/video/6883879647793188098;./downloaded/90mil+\@mingweirocks_6883879647793188098.mp4;1;0
@zayn_inzi_6903019256724622593;zayn_inzi;115.7;zayn_inzi|creative|jadsedardkomitao|photo|sunset|photoshoot|photomagic|foto|fly|fyp|tutorial|viral;13;–æ—Ä–∏–≥–∏–Ω–∞–ª—å–Ω—ã–π –∑–≤—É–∫;https://tiktok.com/@zayn_inzi/video/6903019256724622593;./downloaded/100mil+\@zayn_inzi_6903019256724622593.mp4;0;0
@theshilpashetty_6780922396946861317;theshilpashetty;115.2;theshilpashetty|hellokaun|fyp|trending|comedy|fun|shilpashetty;15;original sound - Anand Pandeyüî•;https://tiktok.com/@theshilpashetty/video/6780922396946861317;./downloaded/100mil+\@theshilpashetty_6780922396946861317.mp4;-1;0
@linqiqi19_6963158043777420550;linqiqi19;100.0;linqiqi19|pets|cute|cats;12;Kimi No Toriko;https://tiktok.com/@linqiqi19/video/6963158043777420550;./downloaded/100mil+\@linqiqi19_6963158043777420550.mp4;1;0
@faithlovehopev_6817598532254518534;faithlovehopev;90.0;faithlovehopev|fyp|love|deer|painting|drawing|art;11;original sound;https://tiktok.com/@faithlovehopev/video/6817598532254518534;./downloaded/90mil+\@faithlovehopev_6817598532254518534.mp4;-1;0
@trickshotparker_6922874181818404101;trickshotparker;109.6;trickshotparker|trickshot|tiktokkitchen|mybigidea|nolook|sciencefacts|sportschallenge|fyp;9;original sound;https://tiktok.com/@trickshotparker/video/6922874181818404101;./downloaded/100mil+\@trickshotparker_6922874181818404101.mp4;1;0
@gaitlyn.rae_6797906300895350022;gaitlyn.rae;136.5;gaitlyn.rae|slime|fyp|foryou|fyou|fypage;58;original sound;https://tiktok.com/@gaitlyn.rae/video/6797906300895350022;./downloaded/100mil+\@gaitlyn.rae_6797906300895350022.mp4;1;0
@jo_stereo_6870118480172076293;jo_stereo;115.8;jo_stereo|pt1|experiment|matchstick|matches|fyp|foryou|xyzbca|viral;50;Ashes;https://tiktok.com/@jo_stereo/video/6870118480172076293;./downloaded/100mil+\@jo_stereo_6870118480172076293.mp4;1;0
@rockytiger3076_6818904933367024898;rockytiger3076;111.2;rockytiger3076|fyp|airwalkstep|trnding|foryoupage|ravan|tikok_india;14;Ravan Ravan Hoon Main;https://tiktok.com/@rockytiger3076/video/6818904933367024898;./downloaded/100mil+\@rockytiger3076_6818904933367024898.mp4;0;1
@paky__official_6794133511474351365;paky__official;97.7;paky__official|tutorial|perte|foryou|tuto|italy|fyp|usa|4u|trend;26;No Face No Case - Vinny West;https://tiktok.com/@paky__official/video/6794133511474351365;./downloaded/90mil+\@paky__official_6794133511474351365.mp4;-1;0
@daexo_6901709683568938245;daexo;375.5;daexo|foryou|baby;10;original sound;https://tiktok.com/@daexo/video/6901709683568938245;./downloaded/100mil+\@daexo_6901709683568938245.mp4;1;0
@itsnastynaz_6777417884479114502;itsnastynaz;250.0;itsnastynaz|foryou|give|homeless;18;Falling;https://tiktok.com/@itsnastynaz/video/6777417884479114502;./downloaded/100mil+\@itsnastynaz_6777417884479114502.mp4;1;0
@dave.xp_6773848914371153158;dave.xp;180.0;dave.xp|animation|foru|foryou|tiktokers|christmas|merrychristmas|olaf|olafchallenge|frozen;12;All I Want for Christmas is YOU;https://tiktok.com/@dave.xp/video/6773848914371153158;./downloaded/100mil+\@dave.xp_6773848914371153158.mp4;0;0
@hamster_land_6901058440186137858;hamster_land;167.4;hamster_land|hamster|maze|foryou;29;It's Tricky;https://tiktok.com/@hamster_land/video/6901058440186137858;./downloaded/100mil+\@hamster_land_6901058440186137858.mp4;1;0
@furryfritz_6879814276299721985;furryfritz;134.1;furryfritz|FurryFritz|cat|britishshorthair|kitten|foryou;10;„Ç™„É™„Ç∏„Éä„É´Ê•ΩÊõ≤ - kk;https://tiktok.com/@furryfritz/video/6879814276299721985;./downloaded/100mil+\@furryfritz_6879814276299721985.mp4;1;0
@_mochafrappe__6807185269867957509;_mochafrappe_;125.9;_mochafrappe_|foryou|xyzbca;11;dudada dudada;https://tiktok.com/@_mochafrappe_/video/6807185269867957509;./downloaded/100mil+\@_mochafrappe__6807185269867957509.mp4;0;0
@song0063_6900895886826687749;song0063;147.0;song0063|foryou|boby|throat|mouth|stomach|medicine|solubility|fyp„Ç∑;12;Adderall (Corvette Corvette);https://tiktok.com/@song0063/video/6900895886826687749;./downloaded/100mil+\@song0063_6900895886826687749.mp4;1;0
@fishermanchristian_6931974545175792902;fishermanchristian;164.7;fishermanchristian|fyp|fish;7;original sound;https://tiktok.com/@fishermanchristian/video/6931974545175792902;./downloaded/100mil+\@fishermanchristian_6931974545175792902.mp4;-1;0
@itsnastynaz_6767200939032988934;itsnastynaz;112.1;itsnastynaz|foryou|give|help;12;Falling;https://tiktok.com/@itsnastynaz/video/6767200939032988934;./downloaded/100mil+\@itsnastynaz_6767200939032988934.mp4;0;0
@riyaz.14_6796522197201571074;riyaz.14;215.3;riyaz.14|foryou;13;original sound - Riyaz ;https://tiktok.com/@riyaz.14/video/6796522197201571074;./downloaded/100mil+\@riyaz.14_6796522197201571074.mp4;-1;0
@jonbezrouch_6915539674500959494;jonbezrouch;92.4;jonbezrouch|safety|psa|escape|escaperoom|viral|YouShouldKnow|fyp|foryou;58;Intense Music(850540);https://tiktok.com/@jonbezrouch/video/6915539674500959494;./downloaded/90mil+\@jonbezrouch_6915539674500959494.mp4;1;0
@monkeykeer_6969149464758013190;monkeykeer;170.2;monkeykeer|animal|foryou|cute|monkey;15;original sound;https://tiktok.com/@monkeykeer/video/6969149464758013190;./downloaded/100mil+\@monkeykeer_6969149464758013190.mp4;0;1
@markoterzo_6743191036127956229;markoterzo;107.4;markoterzo|foryou;59;Originalton;https://tiktok.com/@markoterzo/video/6743191036127956229;./downloaded/100mil+\@markoterzo_6743191036127956229.mp4;1;0
@heartofthieves_6937145311823482118;heartofthieves;97.7;heartofthieves|ASMR|tattoolover|tattooshoptok|lasvegastattoo|lasvegastattooartist|lasvegastattooshop|fyp|foryou|tattooasmr|lasvegas|tattootiktok;59;original sound;https://tiktok.com/@heartofthieves/video/6937145311823482118;./downloaded/90mil+\@heartofthieves_6937145311823482118.mp4;0;1
@jammonkey_6839607199438753029;jammonkey;147.5;jammonkey|monkey|foryou;45;original sound;https://tiktok.com/@jammonkey/video/6839607199438753029;./downloaded/100mil+\@jammonkey_6839607199438753029.mp4;-1;0
@erikguzon_6932177388465868037;erikguzon;130.6;erikguzon|viral|viralart|foryou|sneakercustoms|guzonart;50;Buss It;https://tiktok.com/@erikguzon/video/6932177388465868037;./downloaded/100mil+\@erikguzon_6932177388465868037.mp4;1;0
@miso_ara_6919091007497817346;miso_ara;142.7;miso_ara|ÎØ∏ÏÜåÏïÑÎùº|foryou|fyp|Ïù¥Î™®ÏßÄÎî∞ÎùºÌïòÍ∏∞|poodle;10;Cute Emoji Song (pls like original video thanku);https://tiktok.com/@miso_ara/video/6919091007497817346;./downloaded/100mil+\@miso_ara_6919091007497817346.mp4;1;0
@arshsoni_6781848546199997701;arshsoni;111.5;arshsoni|magic|trick|viral|funny|wizard|how|lol|foryou|comedy|wow;22;original sound;https://tiktok.com/@arshsoni/video/6781848546199997701;./downloaded/100mil+\@arshsoni_6781848546199997701.mp4;0;1
@prachi256_6770454380698160385;prachi256;158.7;prachi256|foryou|tiktokindia|viral|trend|team_prachi|lovelikeüíïüíû|keepsupportingüíì|byou|slowmo;10;original sound - Nita Shilimkar;https://tiktok.com/@prachi256/video/6770454380698160385;./downloaded/100mil+\@prachi256_6770454380698160385.mp4;0;1
@fernandosplanes_6831539463554911493;fernandosplanes;155.6;fernandosplanes|fernandoarmy|foryou|fy|fouryoupage|viral|trend|trending|paperplane|tutorial;41;Close Encounters;https://tiktok.com/@fernandosplanes/video/6831539463554911493;./downloaded/100mil+\@fernandosplanes_6831539463554911493.mp4;1;0
@jewelmitcell_6852130765212306693;jewelmitcell;115.2;jewelmitcell|petgrooming|dog|foryou;25;The Cuppycake Song;https://tiktok.com/@jewelmitcell/video/6852130765212306693;./downloaded/100mil+\@jewelmitcell_6852130765212306693.mp4;0;0
@surbhiirathore3_6753805644568055041;surbhiirathore3;103.0;surbhiirathore3|foryou|surbhiirathore3|couplegoals|couplelove;14;original sound - surbhi rathore;https://tiktok.com/@surbhiirathore3/video/6753805644568055041;./downloaded/100mil+\@surbhiirathore3_6753805644568055041.mp4;0;1
@qylek_6938845732195683586;qylek;117.8;qylek|viral|ohno;8;Oh No (Instrumental);https://tiktok.com/@qylek/video/6938845732195683586;./downloaded/100mil+\@qylek_6938845732195683586.mp4;0;1
@captaincc1_6880443298041826566;captaincc1;126.2;captaincc1|fish|fpy|foryoupage|fishing|foryou;10;Believer;https://tiktok.com/@captaincc1/video/6880443298041826566;./downloaded/100mil+\@captaincc1_6880443298041826566.mp4;1;0
@lifetiper_6953240245206895873;lifetiper;156.0;lifetiper|WorthTheWait|foryou|OneStepCloser|handmade;24;House of the Rising Sun - Rerecorded;https://tiktok.com/@lifetiper/video/6953240245206895873;./downloaded/100mil+\@lifetiper_6953240245206895873.mp4;0;0
@deiparii_6782170528644910342;deiparii;99.8;deiparii|foryou|fy|rollercoaster|drop|scream|colombia|canada|viral|summer;15;Falling;https://tiktok.com/@deiparii/video/6782170528644910342;./downloaded/90mil+\@deiparii_6782170528644910342.mp4;-1;0
@samayranarula_6819540512102534401;samayranarula;122.8;samayranarula|foryou|trending|lockdown|queen_samayra|tiktokindia|funny|gharbaithoindia|comedyindia;15;original sound;https://tiktok.com/@samayranarula/video/6819540512102534401;./downloaded/100mil+\@samayranarula_6819540512102534401.mp4;-1;0
@nitishandgroupfb_6797586177122700545;nitishandgroupfb;121.8;nitishandgroupfb|rohtak|rohtak_‡§Ü‡§≤‡•á|nitishbhai|nitishandgroupfb|foryou|sportslover|acrobatics;12;original sound - AKASH ROYü¶ãüòò;https://tiktok.com/@nitishandgroupfb/video/6797586177122700545;./downloaded/100mil+\@nitishandgroupfb_6797586177122700545.mp4;-1;0
@heartlynrae_6901675156624755974;heartlynrae;93.7;heartlynrae|foryou;44;original sound;https://tiktok.com/@heartlynrae/video/6901675156624755974;./downloaded/90mil+\@heartlynrae_6901675156624755974.mp4;1;0
@dusky_boii_6826008485348510978;dusky_boii;252.4;dusky_boii|model|photograhy|creative|poto|tutorial|photoshoot|foryou|JadSeDardKoMitao|dusky_boii|viral;14;Banana (feat. Shaggy) [DJ FLe - Minisiren Remix];https://tiktok.com/@dusky_boii/video/6826008485348510978;./downloaded/100mil+\@dusky_boii_6826008485348510978.mp4;1;0
@azharkhan1434_6748833650621680898;azharkhan1434;96.7;azharkhan1434|azzfam|foryou|feature|love|keeploving|keepsuporting|azharkhanfan;9;chudi jo khanki sidbmachine;https://tiktok.com/@azharkhan1434/video/6748833650621680898;./downloaded/90mil+\@azharkhan1434_6748833650621680898.mp4;-1;0
@elcalentano0_6896358086685068550;elcalentano0;98.4;elcalentano0|fall|ohno|grandma|viral|funnyvideos|foryou;13;Oh No;https://tiktok.com/@elcalentano0/video/6896358086685068550;./downloaded/90mil+\@elcalentano0_6896358086685068550.mp4;0;0
@_arishfakhan__6743927310866550017;_arishfakhan_;132.2;_arishfakhan_|arily|teamlucky|luckydancer|arishfakhan|trending|foryou;14;IL Mulakat;https://tiktok.com/@_arishfakhan_/video/6743927310866550017;./downloaded/100mil+\@_arishfakhan__6743927310866550017.mp4;1;0
@vudieuthuy91_6825570095503281409;vudieuthuy91;142.8;vudieuthuy91|haucachly|funny|troll|foryou|vudieuthuy;19;nh·∫°c n·ªÅn - V≈© Di·ªáu Thu√Ω;https://tiktok.com/@vudieuthuy91/video/6825570095503281409;./downloaded/100mil+\@vudieuthuy91_6825570095503281409.mp4;1;0
@sebastian_schieren_6760330888699038981;sebastian_schieren;103.1;sebastian_schieren|vanlife|foryou|coffee;15;Originalton;https://tiktok.com/@sebastian_schieren/video/6760330888699038981;./downloaded/100mil+\@sebastian_schieren_6760330888699038981.mp4;-1;0
@lexa_merin__6835288090467257605;lexa_merin_;96.0;lexa_merin_|trend|foryou;16;–î–∏–∫–∞—è –ª—å–≤–∏—Ü–∞;https://tiktok.com/@lexa_merin_/video/6835288090467257605;./downloaded/90mil+\@lexa_merin__6835288090467257605.mp4;1;0
@adamw_6954085641089010949;adamw;137.9;adamw|foryou|prank;31;original sound;https://tiktok.com/@adamw/video/6954085641089010949;./downloaded/100mil+\@adamw_6954085641089010949.mp4;-1;0
@armanrathod_6840003100485635330;armanrathod;96.3;armanrathod|arman0011|garibactor|foryou;12;original sound - sunder sds;https://tiktok.com/@armanrathod/video/6840003100485635330;./downloaded/90mil+\@armanrathod_6840003100485635330.mp4;1;0
@shridhar.n.kasulla_6781621537695927553;shridhar.n.kasulla;199.8;shridhar.n.kasulla|comment_me|romeo|treanding|foryou;13;original sound - ‚ÖÖ‚Öà’è‚ÑÇ‚åæ·èâ‚Ñ∞‚Ñõ‚ÑΩ ‚Ñ≥·óÖ‚Ñï;https://tiktok.com/@shridhar.n.kasulla/video/6781621537695927553;./downloaded/100mil+\@shridhar.n.kasulla_6781621537695927553.mp4;-1;0
@satisfyingusa_6820510634963143942;satisfyingusa;111.0;satisfyingusa|domino|foryou|wow;43;original sound;https://tiktok.com/@satisfyingusa/video/6820510634963143942;./downloaded/100mil+\@satisfyingusa_6820510634963143942.mp4;-1;0
@takshiexxel13_6968334512304524545;takshiexxel13;92.7;takshiexxel13|fyp„Ç∑|foryou|xuhuong|xuhuongtiktok;10;nh·∫°c n·ªÅn - C√¢y nha ƒëam;https://tiktok.com/@takshiexxel13/video/6968334512304524545;./downloaded/90mil+\@takshiexxel13_6968334512304524545.mp4;0;0
@arhanansari456_6785126756664839425;arhanansari456;108.6;arhanansari456|onesidebaby|foryou|trend;15;original sound - Anmol Sachar;https://tiktok.com/@arhanansari456/video/6785126756664839425;./downloaded/100mil+\@arhanansari456_6785126756664839425.mp4;0;1
@deliciousfood66_6966048395966385414;deliciousfood66;98.4;deliciousfood66|asmr|sound|drinking|drinkwater|satisfy|foryou|decompression|fyd|ConjuringHorror;22;original sound;https://tiktok.com/@deliciousfood66/video/6966048395966385414;./downloaded/90mil+\@deliciousfood66_6966048395966385414.mp4;0;1
@calebcutler_6659201787062390022;calebcutler;102.8;calebcutler|foryoupage|foryou|murchcrewdonuts;14;Food Surgery;https://tiktok.com/@calebcutler/video/6659201787062390022;./downloaded/100mil+\@calebcutler_6659201787062390022.mp4;0;1
@dogdog5200_6946374270452845830;dogdog5200;99.4;dogdog5200|pet|fyp|cute|animal|dog|foryou|dogsoftiktok|puppylove;9;original sound;https://tiktok.com/@dogdog5200/video/6946374270452845830;./downloaded/90mil+\@dogdog5200_6946374270452845830.mp4;-1;0
@n_k_rattan_6838250242853342465;n_k_rattan;100.2;n_k_rattan|garry_pb82|fyp|trending|foryou|foryourpage|tiktok_india;15;original sound - Ajay Khandal;https://tiktok.com/@n_k_rattan/video/6838250242853342465;./downloaded/100mil+\@n_k_rattan_6838250242853342465.mp4;1;0
@fitness.samka_6960334367952489729;fitness.samka;99.8;fitness.samka|foryou|fitnesssamka|prank;17;Astronaut In The Ocean;https://tiktok.com/@fitness.samka/video/6960334367952489729;./downloaded/90mil+\@fitness.samka_6960334367952489729.mp4;1;0
@alliesparks_6908734137385897222;alliesparks;171.6;alliesparks|pranks|comedy|foryou|fyp;58;Quirky;https://tiktok.com/@alliesparks/video/6908734137385897222;./downloaded/100mil+\@alliesparks_6908734137385897222.mp4;1;0
@petyyyyyy_6880479698007215362;petyyyyyy;99.4;petyyyyyy|cute|petyyyyyy|puppy|dog|foryou;10;dudada dudada;https://tiktok.com/@petyyyyyy/video/6880479698007215362;./downloaded/90mil+\@petyyyyyy_6880479698007215362.mp4;-1;0
@jaykindafunny8_6945255252593528070;jaykindafunny8;133.2;jaykindafunny8|mu√±a√±yo|foryou|fyp;8;original sound;https://tiktok.com/@jaykindafunny8/video/6945255252593528070;./downloaded/100mil+\@jaykindafunny8_6945255252593528070.mp4;-1;0
@valeriandalex_6769436839116819717;valeriandalex;136.8;valeriandalex|behindthescenes|foryou|tiktokviral;14;original sound;https://tiktok.com/@valeriandalex/video/6769436839116819717;./downloaded/100mil+\@valeriandalex_6769436839116819717.mp4;-1;0
@sorrysa_official_6795767146438757638;sorrysa_official;183.2;sorrysa_official|funny|sorrysa|comedy;15;ÿßŸÑÿµŸàÿ™ ÿßŸÑÿ£ÿµŸÑŸä;https://tiktok.com/@sorrysa_official/video/6795767146438757638;./downloaded/100mil+\@sorrysa_official_6795767146438757638.mp4;0;0
@dr.rami_awwad_6915794190068681986;dr.rami_awwad;98.8;dr.rami_awwad|vet|doctor|trend|for_you|fyp|ramallah|russia|palestine|explore|foryou|ÿßŸÉÿ≥ÿ®ŸÑŸàÿ±|follow_me;13;original sound;https://tiktok.com/@dr.rami_awwad/video/6915794190068681986;./downloaded/90mil+\@dr.rami_awwad_6915794190068681986.mp4;-1;0
@ammye1921_6838432920462576897;ammye1921;123.1;ammye1921|praveen1921|tiktokindia|foryou|love;14;Tum Mile Cover;https://tiktok.com/@ammye1921/video/6838432920462576897;./downloaded/100mil+\@ammye1921_6838432920462576897.mp4;1;0
@lisina15_6894180851765103873;lisina15;99.0;lisina15|fyp|foryou|foryourpage|featuerme|—Ä–µ–∫–æ–º–µ–Ω–¥–∞—Ü–∏–∏|tallgirl;15;Boom, Boom, Boom, Boom!!;https://tiktok.com/@lisina15/video/6894180851765103873;./downloaded/90mil+\@lisina15_6894180851765103873.mp4;1;0
@johnsondavid20_6896047337500593413;johnsondavid20;99.6;johnsondavid20|seafood|fish|foryou|fyp;27;The Banjo Beat, Pt. 1;https://tiktok.com/@johnsondavid20/video/6896047337500593413;./downloaded/90mil+\@johnsondavid20_6896047337500593413.mp4;1;0
@noelquidlat_6944606415654849794;noelquidlat;112.8;noelquidlat|thunderart|art|tomholland|viral|wow;17;original sound;https://tiktok.com/@noelquidlat/video/6944606415654849794;./downloaded/100mil+\@noelquidlat_6944606415654849794.mp4;-1;0
@macrofying_6856046336433769733;macrofying;125.4;macrofying|macro|microscope|zoom|viral|macrozoom|hand|science|biology;29;Originalton;https://tiktok.com/@macrofying/video/6856046336433769733;./downloaded/100mil+\@macrofying_6856046336433769733.mp4;-1;0
@brodiepawson_6899667933912485122;brodiepawson;207.4;brodiepawson|sheslikeyouandme|parkour|brisbane|viral|videogame|fun|foru|jump|cool|wallrun|explore|aus|australia|risk|danger;14;Opaul;https://tiktok.com/@brodiepawson/video/6899667933912485122;./downloaded/100mil+\@brodiepawson_6899667933912485122.mp4;1;0
@amitbanjara8657_6832556933132684546;amitbanjara8657;105.1;amitbanjara8657|viral;14;‡§ì‡§∞‡§ø‡§ú‡§ø‡§®‡§≤ ‡§∏‡§æ‡§â‡§Ç‡§°;https://tiktok.com/@amitbanjara8657/video/6832556933132684546;./downloaded/100mil+\@amitbanjara8657_6832556933132684546.mp4;0;1
@ruicarlota_6920747130336349445;ruicarlota;127.6;ruicarlota|fy|scary|viral|zumbi|zombies|tiktokindia|tiktokworld;19;som original;https://tiktok.com/@ruicarlota/video/6920747130336349445;./downloaded/100mil+\@ruicarlota_6920747130336349445.mp4;0;1
@jordi.koalitic_6748081333181992198;jordi.koalitic;242.1;jordi.koalitic|art|video|viralvideo|artist|creativity|mix|photo|photograhy|viral|tiktokcreator;21;sonido original;https://tiktok.com/@jordi.koalitic/video/6748081333181992198;./downloaded/100mil+\@jordi.koalitic_6748081333181992198.mp4;1;0
@alejandra.cadena.g_6957441979814841606;alejandra.cadena.g;136.2;alejandra.cadena.g|prostheticeye|monoculargirl|viral|trend;9;sonido original;https://tiktok.com/@alejandra.cadena.g/video/6957441979814841606;./downloaded/100mil+\@alejandra.cadena.g_6957441979814841606.mp4;1;0
@lexa_merin__6902086374229282050;lexa_merin_;95.4;lexa_merin_|foryou|sports|viral|fyp;12;nh·∫°c n·ªÅn - H·∫£o Ca;https://tiktok.com/@lexa_merin_/video/6902086374229282050;./downloaded/90mil+\@lexa_merin__6902086374229282050.mp4;1;0
@kind_____official_6801804091803667717;kind_____official;147.2;kind_____official|;9;FadedÔºàVikstrom RemixÔºâ;https://tiktok.com/@kind_____official/video/6801804091803667717;./downloaded/100mil+\@kind_____official_6801804091803667717.mp4;-1;0
@abdullah.pak_6763709367930948869;abdullah.pak;153.2;abdullah.pak|tutorial|diy|viral;15;Candy;https://tiktok.com/@abdullah.pak/video/6763709367930948869;./downloaded/100mil+\@abdullah.pak_6763709367930948869.mp4;1;0
@jokersteam_6805526363441876225;jokersteam;136.4;jokersteam|;27;original sound - md rock taslim;https://tiktok.com/@jokersteam/video/6805526363441876225;./downloaded/100mil+\@jokersteam_6805526363441876225.mp4;-1;0
@naz2608_6770363633705782533;naz2608;157.8;naz2608|brotherlove|fyp|foryou|boxing|viral|trendsetter;15;original sound - üî•Tarun_vlogs üî•;https://tiktok.com/@naz2608/video/6770363633705782533;./downloaded/100mil+\@naz2608_6770363633705782533.mp4;0;1
@arel_lauratv_6933999401245478150;arel_lauratv;106.6;arel_lauratv|fyp|comedy|trending|freefire|tiktokindia|sczbolivia|tik_tok|tiktokbrasil|tiktokviral|kl|cuba|humor|viral|charlie;7;sonido original;https://tiktok.com/@arel_lauratv/video/6933999401245478150;./downloaded/100mil+\@arel_lauratv_6933999401245478150.mp4;0;1
@serovski_family_6852379643350158598;serovski_family;106.3;serovski_family|love|lovestory|family;48;–æ—Ä–∏–≥–∏–Ω–∞–ª—å–Ω—ã–π –∑–≤—É–∫;https://tiktok.com/@serovski_family/video/6852379643350158598;./downloaded/100mil+\@serovski_family_6852379643350158598.mp4;1;0
@ahmed__art_6955377267795152134;ahmed__art;122.3;ahmed__art|‚ô•Ô∏è‚ô•Ô∏è‚ô•Ô∏è‚ô•Ô∏è‚ô•Ô∏è|drawing|typo|logo|love|typography;8;DilemmaChallenge;https://tiktok.com/@ahmed__art/video/6955377267795152134;./downloaded/100mil+\@ahmed__art_6955377267795152134.mp4;0;0
@theshilpashetty_6792797083767246086;theshilpashetty;108.9;theshilpashetty|fallinlove|happyvalentinesday|patipatni|love|fyp|haopiness|trending;10;original sound - Vishnu Kalathil;https://tiktok.com/@theshilpashetty/video/6792797083767246086;./downloaded/100mil+\@theshilpashetty_6792797083767246086.mp4;-1;0
@theshilpashetty_6792218487860333829;theshilpashetty;206.2;theshilpashetty|valentinesday2020|love|pyar|fyp|trending;24;Teri Ban Jaungi Reprise Tulsi Kumar Version  2;https://tiktok.com/@theshilpashetty/video/6792218487860333829;./downloaded/100mil+\@theshilpashetty_6792218487860333829.mp4;1;0
@ahmad_ataki_6788170115016903942;ahmad_ataki;152.5;ahmad_ataki|turkey|istanbul|tiktok|love|foruyou|foru;10;orijinal ses;https://tiktok.com/@ahmad_ataki/video/6788170115016903942;./downloaded/100mil+\@ahmad_ataki_6788170115016903942.mp4;0;0
@amazonprimevideo_6859881508983934214;amazonprimevideo;155.0;amazonprimevideo|chemicalhearts|lilireinhart|austinabrams|primevideo|crush|dating|chemicalheartsapv|love;19;original sound;https://tiktok.com/@amazonprimevideo/video/6859881508983934214;./downloaded/100mil+\@amazonprimevideo_6859881508983934214.mp4;0;1
@cat_kitty66_6866927712745901318;cat_kitty66;106.6;cat_kitty66|petlifes|funny;6;original sound;https://tiktok.com/@cat_kitty66/video/6866927712745901318;./downloaded/100mil+\@cat_kitty66_6866927712745901318.mp4;0;1
@dexchew_oe_6805125856411782401;dexchew_oe;120.1;dexchew_oe|;15;orijinal ses;https://tiktok.com/@dexchew_oe/video/6805125856411782401;./downloaded/100mil+\@dexchew_oe_6805125856411782401.mp4;1;0
@funnyspecialeffectscar_6831082356342836486;funnyspecialeffectscar;106.2;funnyspecialeffectscar|funny;10;original sound;https://tiktok.com/@funnyspecialeffectscar/video/6831082356342836486;./downloaded/100mil+\@funnyspecialeffectscar_6831082356342836486.mp4;-1;0
@spider_slack_6909833888189648133;spider_slack;161.4;spider_slack|memes;14;original sound;https://tiktok.com/@spider_slack/video/6909833888189648133;./downloaded/100mil+\@spider_slack_6909833888189648133.mp4;-1;0
@thechainzfamily_6663279692511972613;thechainzfamily;145.3;thechainzfamily|foryou|comedy|dametucosita|fox|gmoney|music|meme|lol;13;Prank cover;https://tiktok.com/@thechainzfamily/video/6663279692511972613;./downloaded/100mil+\@thechainzfamily_6663279692511972613.mp4;-1;0
@overtime_6766682095369604358;overtime;404.7;overtime|dancemonkey|music|singing|song|amazing|shoutoutOT;18;original sound;https://tiktok.com/@overtime/video/6766682095369604358;./downloaded/100mil+\@overtime_6766682095369604358.mp4;-1;0
@pearjake_6820796563728747782;pearjake;121.0;pearjake|fashion|pearl|jewelry|gem|bracelet|necklace|ring|earring|beautiful;21;Lose Control;https://tiktok.com/@pearjake/video/6820796563728747782;./downloaded/100mil+\@pearjake_6820796563728747782.mp4;0;0
@duduyuzaitt_6899483984619638021;duduyuzaitt;139.1;duduyuzaitt|swim|baby|foryou|follow|fyp;15;Baby Shark;https://tiktok.com/@duduyuzaitt/video/6899483984619638021;./downloaded/100mil+\@duduyuzaitt_6899483984619638021.mp4;0;0
@joeyklaasen_6783794952003489030;joeyklaasen;121.7;joeyklaasen|trend|comedy|prank;10;original sound;https://tiktok.com/@joeyklaasen/video/6783794952003489030;./downloaded/100mil+\@joeyklaasen_6783794952003489030.mp4;0;1
@spencerx_6786873432781884677;spencerx;143.2;spencerx|trend|comedy|prank;11;original sound;https://tiktok.com/@spencerx/video/6786873432781884677;./downloaded/100mil+\@spencerx_6786873432781884677.mp4;1;0
@spencerx_6777235860870941958;spencerx;102.8;spencerx|beatbox|comedy|prank;9;original sound;https://tiktok.com/@spencerx/video/6777235860870941958;./downloaded/100mil+\@spencerx_6777235860870941958.mp4;-1;0
@sanket_pc_6792924393426177281;sanket_pc;113.8;sanket_pc|teampc|sdsanket|foryoupge|trend|comedy|tiktokindia;20;original sound - Oggyy;https://tiktok.com/@sanket_pc/video/6792924393426177281;./downloaded/100mil+\@sanket_pc_6792924393426177281.mp4;1;0
@riteishd_6811067690485140737;riteishd;157.3;riteishd|stayhome|happybirthday|ajaydevgan|comedy;14;original sound - riteishd;https://tiktok.com/@riteishd/video/6811067690485140737;./downloaded/100mil+\@riteishd_6811067690485140737.mp4;1;0
@shmeksss_6921332628691881218;shmeksss;108.7;shmeksss|comedy|prank|shmeksss|pickup;28;It's Tricky;https://tiktok.com/@shmeksss/video/6921332628691881218;./downloaded/100mil+\@shmeksss_6921332628691881218.mp4;0;0
@oye_indori_6789477688701717761;oye_indori;124.2;oye_indori|teamindori|teamoyeindori|comedy;13;original sound - oye indori;https://tiktok.com/@oye_indori/video/6789477688701717761;./downloaded/100mil+\@oye_indori_6789477688701717761.mp4;-1;0
@gima_ashi_6659701953607519494;gima_ashi;122.0;gima_ashi|gullykalakar|myoutfit|bohothard|emyway_bantai|featurethis;14;original sound;https://tiktok.com/@gima_ashi/video/6659701953607519494;./downloaded/100mil+\@gima_ashi_6659701953607519494.mp4;-1;0
@spencerx_6793884060658781445;spencerx;221.5;spencerx|trend|comedy|prank|fail;16;original sound;https://tiktok.com/@spencerx/video/6793884060658781445;./downloaded/100mil+\@spencerx_6793884060658781445.mp4;-1;0
@thekiryalife_6870929179882294529;thekiryalife;155.1;thekiryalife|thekiryalife|prank|reaction|—Å–æ—Ü–∏–∞–ª—å–Ω—ã–π—Ä–æ–ª–∏–∫|—Ä–µ–∞–∫—Ü–∏–∏|–ø—Ä–∞–Ω–∫;57;Surrender;https://tiktok.com/@thekiryalife/video/6870929179882294529;./downloaded/100mil+\@thekiryalife_6870929179882294529.mp4;1;0
@officialmikehammer_6936448668891417861;officialmikehammer;137.4;officialmikehammer|;59;original sound;https://tiktok.com/@officialmikehammer/video/6936448668891417861;./downloaded/100mil+\@officialmikehammer_6936448668891417861.mp4;-1;0
@topperguild_6779009226204302598;topperguild;100.2;topperguild|prank;28;original sound;https://tiktok.com/@topperguild/video/6779009226204302598;./downloaded/100mil+\@topperguild_6779009226204302598.mp4;-1;0
@thekiryalife_6960759859218271489;thekiryalife;131.8;thekiryalife|thekiryalife|socialexperiment|prank;14;Falling;https://tiktok.com/@thekiryalife/video/6960759859218271489;./downloaded/100mil+\@thekiryalife_6960759859218271489.mp4;1;0
@theneilhenry_6811146060178803974;theneilhenry;220.1;theneilhenry|BangEnergy¬†sponsor|ukcomedy|uktalent|prank|pranks|lol;15;original sound;https://tiktok.com/@theneilhenry/video/6811146060178803974;./downloaded/100mil+\@theneilhenry_6811146060178803974.mp4;-1;0
@topperguild_6793059534874135814;topperguild;98.9;topperguild|prank;20;original sound;https://tiktok.com/@topperguild/video/6793059534874135814;./downloaded/90mil+\@topperguild_6793059534874135814.mp4;1;0
@theneilhenry_6802639131571801349;theneilhenry;160.7;theneilhenry|lol|ukcomedy|uktalent|prank|pranks|funnyvid;18;original sound;https://tiktok.com/@theneilhenry/video/6802639131571801349;./downloaded/100mil+\@theneilhenry_6802639131571801349.mp4;0;1
@topperguild_6787540597595999494;topperguild;93.1;topperguild|prank;22;original sound;https://tiktok.com/@topperguild/video/6787540597595999494;./downloaded/90mil+\@topperguild_6787540597595999494.mp4;-1;0
@lana.timon_6837867237286612230;lana.timon;148.3;lana.timon|prank|–ø—Ä–∞–Ω–∫;11;–æ—Ä–∏–≥–∏–Ω–∞–ª—å–Ω—ã–π –∑–≤—É–∫;https://tiktok.com/@lana.timon/video/6837867237286612230;./downloaded/100mil+\@lana.timon_6837867237286612230.mp4;0;1
@overtime_6835772648190938373;overtime;91.6;overtime|funny|prank|shoutoutot;9;original sound;https://tiktok.com/@overtime/video/6835772648190938373;./downloaded/90mil+\@overtime_6835772648190938373.mp4;-1;0
@sakshammagic_6827733470681304326;sakshammagic;102.4;sakshammagic|prank|lol|comedy|funny|magictrick;7;original sound;https://tiktok.com/@sakshammagic/video/6827733470681304326;./downloaded/100mil+\@sakshammagic_6827733470681304326.mp4;-1;0
@brysiuofficial_6826297428300369158;brysiuofficial;92.3;brysiuofficial|prank|omg|foryou|foryoupage|fyp|couplegoals|funny|comedy;11;Be Popular:(;https://tiktok.com/@brysiuofficial/video/6826297428300369158;./downloaded/90mil+\@brysiuofficial_6826297428300369158.mp4;0;0
@therajpalofficial_6799976839457623297;therajpalofficial;139.1;therajpalofficial|onsetmastl|hungama|hungama2|trending|rajpalyadav|meezanjaffrey|pranithasubhash;15;original sound - Rajpal Yadav;https://tiktok.com/@therajpalofficial/video/6799976839457623297;./downloaded/100mil+\@therajpalofficial_6799976839457623297.mp4;0;1
@gauravarora_5_6776218358133067009;gauravarora_5;102.0;gauravarora_5|foryou|trending;11;original sound - smith rathod;https://tiktok.com/@gauravarora_5/video/6776218358133067009;./downloaded/100mil+\@gauravarora_5_6776218358133067009.mp4;-1;0
@iamdaud.14_6779131730709286145;iamdaud.14;109.4;iamdaud.14|trending|iamdaud__;44;original sound - üëë KING üëë ;https://tiktok.com/@iamdaud.14/video/6779131730709286145;./downloaded/100mil+\@iamdaud.14_6779131730709286145.mp4;-1;0
@shabaz_sameena_6788481393468001537;shabaz_sameena;98.9;shabaz_sameena|shasamy|fyp|foryou|trending|ownvoice|ownconcept|couplegoals|husbandwife;56;original sound - Shabaz & Sameena;https://tiktok.com/@shabaz_sameena/video/6788481393468001537;./downloaded/90mil+\@shabaz_sameena_6788481393468001537.mp4;-1;0
@kiran__raj_6837817770122497282;kiran__raj;135.7;kiran__raj|trending|tiktok_india;10;original sound;https://tiktok.com/@kiran__raj/video/6837817770122497282;./downloaded/100mil+\@kiran__raj_6837817770122497282.mp4;-1;0
@mahesh_production_6782915631038631173;mahesh_production;93.6;mahesh_production|maheshpaswan|mahesh_pas1|brt_muser|vira≈Ç|trending|duet|edutok|tiktokindia|foryoupage;14;original sound - Sohidul Islam;https://tiktok.com/@mahesh_production/video/6782915631038631173;./downloaded/90mil+\@mahesh_production_6782915631038631173.mp4;-1;0
@riyaz.14_6752413625463426306;riyaz.14;138.7;riyaz.14|duetwithriyaz|riyaz|foryou|trending;10;chudi jo khanki sidbmachine;https://tiktok.com/@riyaz.14/video/6752413625463426306;./downloaded/100mil+\@riyaz.14_6752413625463426306.mp4;0;0
@ministrybarbers_6816916626613538054;ministrybarbers;95.5;ministrybarbers|4u|fyp|foryoupage|sydney|australia|ministrybarbers|barber|trending|tiktok|video|yxzcba;15;–î–∏–∫–∞—è –ª—å–≤–∏—Ü–∞;https://tiktok.com/@ministrybarbers/video/6816916626613538054;./downloaded/90mil+\@ministrybarbers_6816916626613538054.mp4;1;0
@nguyen2ngan_6856289470732422402;nguyen2ngan;105.2;nguyen2ngan|5g|trending|xuhuong|dikhapthegian|guongmatsonggio|mariachallenge;17;nh·∫°c n·ªÅn - Ch·ª•p Sao Cho ƒê·∫πp‚úÖ;https://tiktok.com/@nguyen2ngan/video/6856289470732422402;./downloaded/100mil+\@nguyen2ngan_6856289470732422402.mp4;0;0
