video_id;author;views;hearts;comments;shares;post_url;upload_date
@rachel_meaders_6846562839528852741;rachel_meaders;13.3;1.6;7.4;130.9;https://tiktok.com/@rachel_meaders/video/6846562839528852741;07-07-2020T09:40:37
@creatingwithlucy_6910724140097932549;creatingwithlucy;5.2;1.0;8.6;4.8;https://tiktok.com/@creatingwithlucy/video/6910724140097932549;27-12-2020T07:19:24
@rachel_meaders_6842475482152291589;rachel_meaders;8.5;0.9;2.4;39.4;https://tiktok.com/@rachel_meaders/video/6842475482152291589;26-06-2020T09:19:35
@rachel_meaders_6841361727989337349;rachel_meaders;8.6;0.8;2.2;43.1;https://tiktok.com/@rachel_meaders/video/6841361727989337349;23-06-2020T09:17:38
@rachel_meaders_6846928939810655493;rachel_meaders;6.4;0.7;1.8;55.3;https://tiktok.com/@rachel_meaders/video/6846928939810655493;08-07-2020T09:21:15
@iiheartbeauties_6968979732268420357;iiheartbeauties;11.6;0.7;3.9;1.6;https://tiktok.com/@iiheartbeauties/video/6968979732268420357;02-06-2021T07:00:40
@mik.zenon_6846561002188754181;mik.zenon;6.9;0.7;1.6;6.7;https://tiktok.com/@mik.zenon/video/6846561002188754181;07-07-2020T09:33:28
@connorsmom_6863987950930136326;connorsmom;15.4;0.6;4.4;33.9;https://tiktok.com/@connorsmom/video/6863987950930136326;23-08-2020T08:39:01
@rachel_meaders_6839880951594503430;rachel_meaders;4.1;0.4;1.6;4.4;https://tiktok.com/@rachel_meaders/video/6839880951594503430;19-06-2020T09:31:28
@hungry_fam_6932246640346631429;hungry_fam;1.7;0.4;2.8;6.2;https://tiktok.com/@hungry_fam/video/6932246640346631429;23-02-2021T07:17:42
@simplysalfinds_6945259367507774726;simplysalfinds;5.1;0.4;0.8;1.6;https://tiktok.com/@simplysalfinds/video/6945259367507774726;30-03-2021T08:53:33
@qianfar_6865230217779137797;qianfar;7.0;0.4;1.6;10.7;https://tiktok.com/@qianfar/video/6865230217779137797;26-08-2020T16:59:42
@lizlovery_6851934102526905605;lizlovery;4.2;0.4;0.8;11.2;https://tiktok.com/@lizlovery/video/6851934102526905605;21-07-2020T21:03:50
@sojazzaye_6838939642310511877;sojazzaye;2.3;0.4;1.4;11.4;https://tiktok.com/@sojazzaye/video/6838939642310511877;16-06-2020T20:38:42
@mtlajeunesse_6935206347235446021;mtlajeunesse;1.9;0.4;1.6;0.3;https://tiktok.com/@mtlajeunesse/video/6935206347235446021;03-03-2021T06:42:52
@eastcoastdiy_6865402763405200646;eastcoastdiy;2.2;0.4;0.8;4.5;https://tiktok.com/@eastcoastdiy/video/6865402763405200646;27-08-2020T04:09:10
@rachel_meaders_6841725638613699846;rachel_meaders;4.9;0.4;0.9;9.3;https://tiktok.com/@rachel_meaders/video/6841725638613699846;24-06-2020T08:49:47
@annamoraan_6974497615710784774;annamoraan;1.1;0.3;2.5;5.2;https://tiktok.com/@annamoraan/video/6974497615710784774;17-06-2021T03:52:52
@mik.zenon_6850593137342024966;mik.zenon;1.8;0.3;1.4;15.4;https://tiktok.com/@mik.zenon/video/6850593137342024966;18-07-2020T06:20:12
@xxiamkristinxx_6914665717526744326;xxiamkristinxx;2.8;0.3;1.6;18.3;https://tiktok.com/@xxiamkristinxx/video/6914665717526744326;06-01-2021T22:14:51
@jaylynnwaffles_6939210550131821830;jaylynnwaffles;1.3;0.3;3.5;2.5;https://tiktok.com/@jaylynnwaffles/video/6939210550131821830;14-03-2021T01:41:01
@jyx0004_6894077375521377542;jyx0004;3.9;0.3;1.2;8.1;https://tiktok.com/@jyx0004/video/6894077375521377542;12-11-2020T10:41:55
@marilyn2685_6952317051100728582;marilyn2685;3.5;0.3;0.7;3.5;https://tiktok.com/@marilyn2685/video/6952317051100728582;18-04-2021T09:20:58
@rachel_meaders_6843204243160157446;rachel_meaders;3.1;0.3;0.5;7.4;https://tiktok.com/@rachel_meaders/video/6843204243160157446;28-06-2020T08:27:32
@mik.zenon_6852488909549620486;mik.zenon;2.6;0.3;1.3;5.4;https://tiktok.com/@mik.zenon/video/6852488909549620486;23-07-2020T08:56:47
@ourfavoritefinds_6854699990292516102;ourfavoritefinds;1.0;0.3;0.4;0.8;https://tiktok.com/@ourfavoritefinds/video/6854699990292516102;29-07-2020T07:56:54
@alwaysmeliss_6909222206492904710;alwaysmeliss;4.4;0.3;0.7;13.8;https://tiktok.com/@alwaysmeliss/video/6909222206492904710;23-12-2020T06:11:07
@itsmechristinedana_6838681932277009670;itsmechristinedana;2.6;0.3;0.6;1.0;https://tiktok.com/@itsmechristinedana/video/6838681932277009670;16-06-2020T03:58:38
@mik.zenon_6848289999302020358;mik.zenon;1.8;0.3;0.8;7.1;https://tiktok.com/@mik.zenon/video/6848289999302020358;12-07-2020T01:22:49
@eastcoastdiy_6931918096353463558;eastcoastdiy;2.1;0.2;2.6;9.4;https://tiktok.com/@eastcoastdiy/video/6931918096353463558;22-02-2021T10:02:49
@texykitchen1_6911436212586810630;texykitchen1;3.9;0.2;1.1;11.3;https://tiktok.com/@texykitchen1/video/6911436212586810630;29-12-2020T05:22:38
@shandeemariemesser_6914409492209798405;shandeemariemesser;5.4;0.2;3.1;8.3;https://tiktok.com/@shandeemariemesser/video/6914409492209798405;06-01-2021T05:40:26
@rachel_meaders_6843945850566167814;rachel_meaders;1.9;0.2;0.4;5.2;https://tiktok.com/@rachel_meaders/video/6843945850566167814;30-06-2020T08:25:21
@simplysalfinds_6941528492173528326;simplysalfinds;3.3;0.2;1.0;5.8;https://tiktok.com/@simplysalfinds/video/6941528492173528326;20-03-2021T07:35:51
@nonnapiaa_6899866229243235589;nonnapiaa;1.2;0.2;2.7;2.2;https://tiktok.com/@nonnapiaa/video/6899866229243235589;28-11-2020T01:05:36
@brittikitty_6971846907090029829;brittikitty;1.0;0.2;0.9;0.7;https://tiktok.com/@brittikitty/video/6971846907090029829;10-06-2021T00:26:46
@princessdiaja_6824554110101081350;princessdiaja;1.1;0.2;0.3;3.7;https://tiktok.com/@princessdiaja/video/6824554110101081350;09-05-2020T02:15:27
@jais_arts_6934711063992634629;jais_arts;1.0;0.2;0.2;1.7;https://tiktok.com/@jais_arts/video/6934711063992634629;01-03-2021T22:40:54
@simplysalfinds_6961931246616333574;simplysalfinds;1.8;0.2;1.3;4.2;https://tiktok.com/@simplysalfinds/video/6961931246616333574;14-05-2021T07:08:57
@plumsoju_6918131418149227781;plumsoju;0.6;0.2;0.9;1.2;https://tiktok.com/@plumsoju/video/6918131418149227781;16-01-2021T06:23:26
@mik.zenon_6856550680816078085;mik.zenon;1.2;0.1;0.8;3.5;https://tiktok.com/@mik.zenon/video/6856550680816078085;03-08-2020T07:38:35
@simplysalfinds_6947838526868245766;simplysalfinds;0.8;0.1;0.7;2.8;https://tiktok.com/@simplysalfinds/video/6947838526868245766;06-04-2021T07:42:00
@cheyanne.anastasia_6805976827421543686;cheyanne.anastasia;0.5;0.1;0.7;1.5;https://tiktok.com/@cheyanne.anastasia/video/6805976827421543686;20-03-2020T00:46:07
@connorsmom_6881431546352471301;connorsmom;5.9;0.1;1.0;2.7;https://tiktok.com/@connorsmom/video/6881431546352471301;09-10-2020T08:49:32
@mtlajeunesse_6939566490769263877;mtlajeunesse;0.7;0.1;0.4;0.3;https://tiktok.com/@mtlajeunesse/video/6939566490769263877;15-03-2021T00:42:16
@mik.zenon_6858760375568026886;mik.zenon;1.2;0.1;1.1;5.3;https://tiktok.com/@mik.zenon/video/6858760375568026886;09-08-2020T06:33:19
@yolkfather_6829355723814685957;yolkfather;0.3;0.1;4.5;0.7;https://tiktok.com/@yolkfather/video/6829355723814685957;22-05-2020T00:48:10
@prettylittlediy_6950631907243740422;prettylittlediy;1.5;0.1;0.9;5.3;https://tiktok.com/@prettylittlediy/video/6950631907243740422;13-04-2021T20:21:46
@rachel_meaders_6845073529143053574;rachel_meaders;1.3;0.1;0.3;3.7;https://tiktok.com/@rachel_meaders/video/6845073529143053574;03-07-2020T09:21:20
@brittneyletsos_6932942307641560326;brittneyletsos;1.0;0.1;1.5;13.4;https://tiktok.com/@brittneyletsos/video/6932942307641560326;25-02-2021T04:17:11
@rachel_meaders_6839140826346556678;rachel_meaders;1.4;0.1;0.5;7.5;https://tiktok.com/@rachel_meaders/video/6839140826346556678;17-06-2020T09:39:25
@cookingwithshereen_6932975826229234949;cookingwithshereen;0.8;0.1;0.3;1.5;https://tiktok.com/@cookingwithshereen/video/6932975826229234949;25-02-2021T06:27:17
@rachel_meaders_6843594147186740485;rachel_meaders;1.4;0.1;0.4;6.7;https://tiktok.com/@rachel_meaders/video/6843594147186740485;29-06-2020T09:40:34
@kimberlynamae_6902917674507062533;kimberlynamae;1.1;0.1;0.7;2.3;https://tiktok.com/@kimberlynamae/video/6902917674507062533;06-12-2020T06:26:41
@texykitchen1_6908834207246617862;texykitchen1;1.1;0.1;0.1;0.2;https://tiktok.com/@texykitchen1/video/6908834207246617862;22-12-2020T05:05:30
@beauty_holics__6839456981707803910;beauty_holics_;0.8;0.1;0.1;0.5;https://tiktok.com/@beauty_holics_/video/6839456981707803910;18-06-2020T06:06:15
@bcabreraaaa_6974167917717998853;bcabreraaaa;1.9;0.1;0.9;28.3;https://tiktok.com/@bcabreraaaa/video/6974167917717998853;16-06-2021T06:33:30
@eastcoastdiy_6925913584098725125;eastcoastdiy;0.7;0.1;0.3;0.8;https://tiktok.com/@eastcoastdiy/video/6925913584098725125;06-02-2021T05:42:08
@brianna_greenwood_6845341926154128645;brianna_greenwood;0.6;0.1;0.4;3.7;https://tiktok.com/@brianna_greenwood/video/6845341926154128645;04-07-2020T02:42:49
@mik.zenon_6852433953358384389;mik.zenon;0.8;0.1;0.4;3.5;https://tiktok.com/@mik.zenon/video/6852433953358384389;23-07-2020T05:23:30
@jessicasaramorris_6801925897701100805;jessicasaramorris;1.7;0.1;0.1;3.6;https://tiktok.com/@jessicasaramorris/video/6801925897701100805;09-03-2020T02:46:32
@rachel_meaders_6842824533414563077;rachel_meaders;1.3;0.1;0.3;3.9;https://tiktok.com/@rachel_meaders/video/6842824533414563077;27-06-2020T07:54:04
@youcancallmekait_6915570314957163782;youcancallmekait;0.7;0.1;0.5;2.5;https://tiktok.com/@youcancallmekait/video/6915570314957163782;09-01-2021T08:45:03
@mik.zenon_6851738526044753158;mik.zenon;1.0;0.1;0.5;8.2;https://tiktok.com/@mik.zenon/video/6851738526044753158;21-07-2020T08:24:54
@thelydiawebb_6936761034627730694;thelydiawebb;1.1;0.1;0.2;0.7;https://tiktok.com/@thelydiawebb/video/6936761034627730694;07-03-2021T11:15:42
@mrsnykeebaby_6942158014963092741;mrsnykeebaby;1.4;0.2;0.7;0.3;https://tiktok.com/@mrsnykeebaby/video/6942158014963092741;22-03-2021T00:18:42
@rachel_meaders_6900728597447806213;rachel_meaders;1.0;0.1;0.3;10.2;https://tiktok.com/@rachel_meaders/video/6900728597447806213;30-11-2020T08:51:51
@anya.bumag_6901287257395842306;anya.bumag;39.6;4.3;9.3;61.4;https://tiktok.com/@anya.bumag/video/6901287257395842306;01-12-2020T20:59:16
@rachel_meaders_6915576626281565446;rachel_meaders;26.5;3.4;19.8;275.3;https://tiktok.com/@rachel_meaders/video/6915576626281565446;09-01-2021T09:09:32
@rachel_meaders_6897393932221680902;rachel_meaders;18.6;2.8;7.0;138.1;https://tiktok.com/@rachel_meaders/video/6897393932221680902;21-11-2020T09:11:39
@rachel_meaders_6837277310056467717;rachel_meaders;19.2;2.7;6.7;116.5;https://tiktok.com/@rachel_meaders/video/6837277310056467717;12-06-2020T09:08:01
@anya.bumag_6917050596256140550;anya.bumag;32.1;2.4;9.4;234.3;https://tiktok.com/@anya.bumag/video/6917050596256140550;13-01-2021T08:29:18
@stuffyouactuallyneed_6850582294600699142;stuffyouactuallyneed;10.9;1.7;4.5;15.9;https://tiktok.com/@stuffyouactuallyneed/video/6850582294600699142;18-07-2020T05:38:08
@julianna_claire_6938477969656548613;julianna_claire;8.0;1.6;3.2;34.3;https://tiktok.com/@julianna_claire/video/6938477969656548613;12-03-2021T02:18:14
@miriam.gin1_6845307881462516998;miriam.gin1;13.3;1.5;3.8;47.4;https://tiktok.com/@miriam.gin1/video/6845307881462516998;04-07-2020T00:30:42
@annamoraan_6837953621007633670;annamoraan;5.8;1.2;2.8;27.2;https://tiktok.com/@annamoraan/video/6837953621007633670;14-06-2020T04:52:25
@julianna_claire_6935440454448205062;julianna_claire;5.1;1.0;1.7;56.0;https://tiktok.com/@julianna_claire/video/6935440454448205062;03-03-2021T21:51:20
@hello_happy_mom_6803143475505253637;hello_happy_mom;8.0;1.0;0.8;8.3;https://tiktok.com/@hello_happy_mom/video/6803143475505253637;12-03-2020T09:31:16
@stuffyouactuallyneed_6853182079019093254;stuffyouactuallyneed;6.2;0.9;2.0;9.6;https://tiktok.com/@stuffyouactuallyneed/video/6853182079019093254;25-07-2020T05:46:37
@rachel_meaders_6934870126898482437;rachel_meaders;6.5;0.9;1.5;61.4;https://tiktok.com/@rachel_meaders/video/6934870126898482437;02-03-2021T08:58:11
@rachel.alderman_6846771147481091333;rachel.alderman;6.8;0.9;1.6;18.7;https://tiktok.com/@rachel.alderman/video/6846771147481091333;07-07-2020T23:08:55
@hello_happy_mom_6797890454961655045;hello_happy_mom;7.8;0.8;1.6;13.1;https://tiktok.com/@hello_happy_mom/video/6797890454961655045;27-02-2020T05:46:57
@julianna_claire_6949163425603816709;julianna_claire;4.5;0.8;1.1;34.1;https://tiktok.com/@julianna_claire/video/6949163425603816709;09-04-2021T21:23:17
@simplysalfinds_6958229923488124165;simplysalfinds;8.4;0.7;2.7;61.0;https://tiktok.com/@simplysalfinds/video/6958229923488124165;04-05-2021T07:45:56
@briannaxliv_6856507541912849670;briannaxliv;5.2;0.7;1.6;23.9;https://tiktok.com/@briannaxliv/video/6856507541912849670;03-08-2020T04:51:10
@annamoraan_6850140742698962181;annamoraan;2.3;0.7;1.5;7.3;https://tiktok.com/@annamoraan/video/6850140742698962181;17-07-2020T01:04:40
@miriam.gin1_6825709099003464965;miriam.gin1;4.8;0.7;1.9;10.8;https://tiktok.com/@miriam.gin1/video/6825709099003464965;12-05-2020T04:57:24
@misskenzierae_6860219009493634309;misskenzierae;7.0;0.7;1.7;24.4;https://tiktok.com/@misskenzierae/video/6860219009493634309;13-08-2020T04:53:32
@tourdelust_6823107178753248518;tourdelust;5.9;0.6;7.2;20.2;https://tiktok.com/@tourdelust/video/6823107178753248518;05-05-2020T04:40:37
@toponlinefinds_6831230248789544197;toponlinefinds;3.0;0.6;1.0;13.4;https://tiktok.com/@toponlinefinds/video/6831230248789544197;27-05-2020T02:02:18
@hello_happy_mom_6807995086115245318;hello_happy_mom;2.5;0.6;1.6;51.0;https://tiktok.com/@hello_happy_mom/video/6807995086115245318;25-03-2020T11:18:02
@ourfavoritefinds_6905508326625250565;ourfavoritefinds;3.3;0.6;3.4;13.6;https://tiktok.com/@ourfavoritefinds/video/6905508326625250565;13-12-2020T05:59:24
@miriam.gin1_6918473073020652806;miriam.gin1;6.3;0.5;1.6;51.6;https://tiktok.com/@miriam.gin1/video/6918473073020652806;17-01-2021T04:29:11
@simplysalfinds_6844943449502829830;simplysalfinds;5.2;0.5;1.4;12.2;https://tiktok.com/@simplysalfinds/video/6844943449502829830;03-07-2020T00:56:31
@yazicole_6840901478551473413;yazicole;3.9;0.5;0.5;1.6;https://tiktok.com/@yazicole/video/6840901478551473413;22-06-2020T03:31:36
@therelationshitshow_6856546352776629510;therelationshitshow;3.4;0.5;1.1;9.3;https://tiktok.com/@therelationshitshow/video/6856546352776629510;03-08-2020T07:21:47
@username44.4_6799445805930417414;username44.4;3.9;0.5;0.0;7.0;https://tiktok.com/@username44.4/video/6799445805930417414;02-03-2020T10:22:29
@kslatt__6858752159823957253;kslatt_;3.6;0.5;0.9;13.2;https://tiktok.com/@kslatt_/video/6858752159823957253;09-08-2020T06:01:26
@rachel_meaders_6919664102000299270;rachel_meaders;6.0;0.5;1.4;34.1;https://tiktok.com/@rachel_meaders/video/6919664102000299270;20-01-2021T09:31:02
@thecalebchin_6876538867768446214;thecalebchin;1.9;0.5;1.9;17.5;https://tiktok.com/@thecalebchin/video/6876538867768446214;26-09-2020T04:23:27
@tikiharls_6859531040080284933;tikiharls;4.0;0.4;2.6;36.2;https://tiktok.com/@tikiharls/video/6859531040080284933;11-08-2020T08:23:54
@arianalucidonio_6890346072661626117;arianalucidonio;53.1;9.8;100.0;833.1;https://tiktok.com/@arianalucidonio/video/6890346072661626117;02-11-2020T09:22:24
@teresalauracaruso_6897636451849112838;teresalauracaruso;41.3;7.1;77.3;313.3;https://tiktok.com/@teresalauracaruso/video/6897636451849112838;22-11-2020T00:52:54
@xoxoaubzzz_6905553607354076422;xoxoaubzzz;24.8;6.5;45.4;199.4;https://tiktok.com/@xoxoaubzzz/video/6905553607354076422;13-12-2020T08:55:08
@toponlinefinds_6834331690282831110;toponlinefinds;24.5;5.5;18.8;147.6;https://tiktok.com/@toponlinefinds/video/6834331690282831110;04-06-2020T10:37:31
@findswithkayla_6902588435186453766;findswithkayla;23.9;4.5;22.2;269.3;https://tiktok.com/@findswithkayla/video/6902588435186453766;05-12-2020T09:09:00
@layallure_6813091851957046534;layallure;21.7;4.5;13.1;418.7;https://tiktok.com/@layallure/video/6813091851957046534;08-04-2020T04:56:04
@mik.zenon_6899609374478601474;mik.zenon;19.7;4.0;12.4;190.5;https://tiktok.com/@mik.zenon/video/6899609374478601474;27-11-2020T08:28:15
@stuffyouactuallyneed_6961907699927747845;stuffyouactuallyneed;20.1;3.5;4.3;17.4;https://tiktok.com/@stuffyouactuallyneed/video/6961907699927747845;14-05-2021T05:37:35
@leahelite_6940835502119472390;leahelite;32.6;3.5;10.1;21.6;https://tiktok.com/@leahelite/video/6940835502119472390;18-03-2021T10:46:44
@rachel_meaders_6915576626281565446;rachel_meaders;26.5;3.4;19.8;275.3;https://tiktok.com/@rachel_meaders/video/6915576626281565446;09-01-2021T09:09:32
@theamazonbadger_6953613135135673606;theamazonbadger;21.5;3.4;28.8;73.2;https://tiktok.com/@theamazonbadger/video/6953613135135673606;21-04-2021T21:10:26
@itslowkeymalik__6944902887977848069;itslowkeymalik_;11.1;3.4;24.3;63.9;https://tiktok.com/@itslowkeymalik_/video/6944902887977848069;29-03-2021T09:50:15
@toponlinefinds_6863855219550309638;toponlinefinds;15.0;3.4;8.2;101.9;https://tiktok.com/@toponlinefinds/video/6863855219550309638;23-08-2020T00:03:55
@mik.zenon_6862500401392995589;mik.zenon;16.2;3.4;11.6;127.4;https://tiktok.com/@mik.zenon/video/6862500401392995589;19-08-2020T08:26:33
@ladyloko__6924706250391293189;ladyloko_;22.2;3.4;17.2;7.4;https://tiktok.com/@ladyloko_/video/6924706250391293189;02-02-2021T23:37:04
@kajabeauty_6875013827533032709;kajabeauty;19.6;3.3;10.0;15.8;https://tiktok.com/@kajabeauty/video/6875013827533032709;22-09-2020T01:45:32
@moonxdee_6953730314296364294;moonxdee;15.8;3.2;23.5;44.3;https://tiktok.com/@moonxdee/video/6953730314296364294;22-04-2021T04:45:08
@arianalucidonio_6864357600956255494;arianalucidonio;15.2;3.1;8.1;50.0;https://tiktok.com/@arianalucidonio/video/6864357600956255494;24-08-2020T08:33:28
@gatorthechi_6939583337690352902;gatorthechi;12.1;2.9;36.6;147.1;https://tiktok.com/@gatorthechi/video/6939583337690352902;15-03-2021T01:47:38
@bigmikesfatadventures_6947337688127261957;bigmikesfatadventures;10.4;2.9;13.6;41.9;https://tiktok.com/@bigmikesfatadventures/video/6947337688127261957;04-04-2021T23:18:29
@rachel_meaders_6897393932221680902;rachel_meaders;18.6;2.8;7.0;138.1;https://tiktok.com/@rachel_meaders/video/6897393932221680902;21-11-2020T09:11:39
@toponlinefinds_6833841350060805382;toponlinefinds;24.1;2.8;9.4;74.4;https://tiktok.com/@toponlinefinds/video/6833841350060805382;03-06-2020T02:54:42
@mik.zenon_6881410784979602690;mik.zenon;14.2;2.7;14.2;97.7;https://tiktok.com/@mik.zenon/video/6881410784979602690;09-10-2020T07:28:25
@rachel_meaders_6837277310056467717;rachel_meaders;19.2;2.7;6.7;116.5;https://tiktok.com/@rachel_meaders/video/6837277310056467717;12-06-2020T09:08:01
@theamazonbadger_6933217318440848646;theamazonbadger;17.0;2.7;23.8;130.3;https://tiktok.com/@theamazonbadger/video/6933217318440848646;25-02-2021T22:04:23
@teresalauracaruso_6822694507797040389;teresalauracaruso;16.5;2.6;5.2;40.0;https://tiktok.com/@teresalauracaruso/video/6822694507797040389;04-05-2020T01:59:15
@teresalauracaruso_6874325091459566853;teresalauracaruso;15.2;2.6;5.8;84.5;https://tiktok.com/@teresalauracaruso/video/6874325091459566853;20-09-2020T05:12:26
@teresalauracaruso_6893572458423667974;teresalauracaruso;14.8;2.6;5.3;30.3;https://tiktok.com/@teresalauracaruso/video/6893572458423667974;11-11-2020T02:02:46
@stuffyouactuallyneed_6938192319871028486;stuffyouactuallyneed;14.1;2.5;25.0;80.4;https://tiktok.com/@stuffyouactuallyneed/video/6938192319871028486;11-03-2021T07:49:48
@treyfoundjules_6884350493737405701;treyfoundjules;15.5;2.5;8.9;181.3;https://tiktok.com/@treyfoundjules/video/6884350493737405701;17-10-2020T05:36:33
@lopwert_6975940059858046214;lopwert;11.2;2.5;17.7;31.0;https://tiktok.com/@lopwert/video/6975940059858046214;21-06-2021T01:10:17
@calebbrunick_6938305694881811717;calebbrunick;14.3;2.4;6.5;12.6;https://tiktok.com/@calebbrunick/video/6938305694881811717;11-03-2021T15:09:52
@mik.zenon_6885157134758055169;mik.zenon;9.5;2.4;7.7;61.2;https://tiktok.com/@mik.zenon/video/6885157134758055169;19-10-2020T09:46:10
@lhountras_6961363624254278918;lhountras;8.1;1.4;4.1;28.5;https://tiktok.com/@lhountras/video/6961363624254278918;12-05-2021T18:26:21
@giftuniverse_6930325367651585286;giftuniverse;17.8;1.4;7.5;13.1;https://tiktok.com/@giftuniverse/video/6930325367651585286;18-02-2021T03:02:05
@kcisfunny_6955511339011853573;kcisfunny;5.9;1.2;11.1;1.9;https://tiktok.com/@kcisfunny/video/6955511339011853573;26-04-2021T23:56:25
@kitchentiktoking_6954301759934205189;kitchentiktoking;15.4;1.0;5.0;19.2;https://tiktok.com/@kitchentiktoking/video/6954301759934205189;23-04-2021T17:42:44
@goodtastemustbuy_6936592217427512582;goodtastemustbuy;5.6;1.0;11.5;125.6;https://tiktok.com/@goodtastemustbuy/video/6936592217427512582;07-03-2021T00:20:34
@maxieelise_6922652190163209477;maxieelise;5.8;0.7;1.0;13.8;https://tiktok.com/@maxieelise/video/6922652190163209477;28-01-2021T10:46:27
@kaylamalaysia_6970087006005251334;kaylamalaysia;3.9;0.6;0.9;14.5;https://tiktok.com/@kaylamalaysia/video/6970087006005251334;05-06-2021T06:37:28
@amazondiscountpromos_6931841608706952453;amazondiscountpromos;2.2;0.6;1.1;1.2;https://tiktok.com/@amazondiscountpromos/video/6931841608706952453;22-02-2021T05:05:54
@avaihawkins_6948303124859735302;avaihawkins;2.0;0.5;3.2;8.5;https://tiktok.com/@avaihawkins/video/6948303124859735302;07-04-2021T13:44:59
@kelseyvenkov_6932938061357583622;kelseyvenkov;3.6;0.5;3.3;21.0;https://tiktok.com/@kelseyvenkov/video/6932938061357583622;25-02-2021T04:00:42
@rebekah_fagan_6961491108719234310;rebekah_fagan;3.0;0.5;1.5;6.0;https://tiktok.com/@rebekah_fagan/video/6961491108719234310;13-05-2021T02:40:59
@creatingwithlucy_6918054067730255110;creatingwithlucy;4.7;0.4;1.1;7.1;https://tiktok.com/@creatingwithlucy/video/6918054067730255110;16-01-2021T01:23:18
@avaihawkins_6937122188256349445;avaihawkins;2.8;0.4;1.5;13.0;https://tiktok.com/@avaihawkins/video/6937122188256349445;08-03-2021T10:37:10
@ileenreinoso_6924106589112683781;ileenreinoso;3.2;0.4;2.0;9.0;https://tiktok.com/@ileenreinoso/video/6924106589112683781;01-02-2021T08:50:08
@giftuniverse_6932875470824328454;giftuniverse;4.7;0.3;1.9;1.8;https://tiktok.com/@giftuniverse/video/6932875470824328454;24-02-2021T23:57:48
@little.touches.by.haneen_6913971004171898118;little.touches.by.haneen;4.3;0.3;1.5;11.2;https://tiktok.com/@little.touches.by.haneen/video/6913971004171898118;05-01-2021T01:18:54
@creatingwithlucy_6928079864981392646;creatingwithlucy;2.5;0.3;2.0;8.6;https://tiktok.com/@creatingwithlucy/video/6928079864981392646;12-02-2021T01:48:24
@kcisfunny_6958519487356275974;kcisfunny;1.2;0.3;0.7;0.5;https://tiktok.com/@kcisfunny/video/6958519487356275974;05-05-2021T02:29:34
@rachel_meaders_6928198605392104710;rachel_meaders;2.9;0.3;1.1;16.7;https://tiktok.com/@rachel_meaders/video/6928198605392104710;12-02-2021T09:29:18
@creatingwithlucy_6931036782456868101;creatingwithlucy;2.7;0.3;1.2;5.1;https://tiktok.com/@creatingwithlucy/video/6931036782456868101;20-02-2021T01:02:45
@rachel_meaders_6930424852834749702;rachel_meaders;2.3;0.3;1.2;8.9;https://tiktok.com/@rachel_meaders/video/6930424852834749702;18-02-2021T09:28:15
@kortneyandkarlee_6954102008911547653;kortneyandkarlee;2.6;0.3;3.4;6.3;https://tiktok.com/@kortneyandkarlee/video/6954102008911547653;23-04-2021T04:47:30
@kelseyvenkov_6937019316630015238;kelseyvenkov;1.9;0.3;0.5;6.2;https://tiktok.com/@kelseyvenkov/video/6937019316630015238;08-03-2021T03:57:55
@aaaliyaha52_6970375899380337926;aaaliyaha52;2.3;0.3;0.6;18.3;https://tiktok.com/@aaaliyaha52/video/6970375899380337926;06-06-2021T01:18:30
@myfavebuys_6951433072499870981;myfavebuys;3.2;0.2;0.8;14.0;https://tiktok.com/@myfavebuys/video/6951433072499870981;16-04-2021T00:10:40
@hayleylombard__6932496422789025029;hayleylombard_;2.6;0.2;0.8;3.8;https://tiktok.com/@hayleylombard_/video/6932496422789025029;23-02-2021T23:26:57
@kelseyvenkov_6935184996105850117;kelseyvenkov;1.3;0.2;1.4;9.8;https://tiktok.com/@kelseyvenkov/video/6935184996105850117;03-03-2021T05:19:59
@hcolept_6966558271587028230;hcolept;1.3;0.2;0.5;3.0;https://tiktok.com/@hcolept/video/6966558271587028230;26-05-2021T18:24:14
@aaliyaha055_6961793460181404933;aaliyaha055;1.5;0.2;0.3;6.2;https://tiktok.com/@aaliyaha055/video/6961793460181404933;13-05-2021T22:14:15
@tashaclegg_6949242753331039494;tashaclegg;1.8;0.2;0.9;4.2;https://tiktok.com/@tashaclegg/video/6949242753331039494;10-04-2021T02:31:06
@charlidamelio_6898411858131209478;charlidamelio;63.4;8.5;111.8;34.8;https://tiktok.com/@charlidamelio/video/6898411858131209478;24-11-2020T03:01:46
@toponlinefinds_6834331690282831110;toponlinefinds;24.5;5.5;18.8;147.6;https://tiktok.com/@toponlinefinds/video/6834331690282831110;04-06-2020T10:37:31
@anya.bumag_6901287257395842306;anya.bumag;39.6;4.3;9.3;61.4;https://tiktok.com/@anya.bumag/video/6901287257395842306;01-12-2020T20:59:16
@rachel_meaders_6915576626281565446;rachel_meaders;26.5;3.4;19.8;275.3;https://tiktok.com/@rachel_meaders/video/6915576626281565446;09-01-2021T09:09:32
@toponlinefinds_6863855219550309638;toponlinefinds;15.0;3.4;8.2;101.9;https://tiktok.com/@toponlinefinds/video/6863855219550309638;23-08-2020T00:03:55
@toponlinefinds_6837295075324611846;toponlinefinds;13.2;2.8;7.4;78.0;https://tiktok.com/@toponlinefinds/video/6837295075324611846;12-06-2020T10:16:57
@rachel_meaders_6897393932221680902;rachel_meaders;18.6;2.8;7.0;138.1;https://tiktok.com/@rachel_meaders/video/6897393932221680902;21-11-2020T09:11:39
@toponlinefinds_6833841350060805382;toponlinefinds;24.1;2.8;9.4;74.4;https://tiktok.com/@toponlinefinds/video/6833841350060805382;03-06-2020T02:54:42
@rachel_meaders_6837277310056467717;rachel_meaders;19.2;2.7;6.7;116.5;https://tiktok.com/@rachel_meaders/video/6837277310056467717;12-06-2020T09:08:01
@teresalauracaruso_6822694507797040389;teresalauracaruso;16.5;2.6;5.2;40.0;https://tiktok.com/@teresalauracaruso/video/6822694507797040389;04-05-2020T01:59:15
@mik.zenon_6959687109896736005;mik.zenon;10.2;2.6;30.5;101.9;https://tiktok.com/@mik.zenon/video/6959687109896736005;08-05-2021T06:00:33
@mik.zenon_6973469472736824582;mik.zenon;12.1;2.1;10.6;158.9;https://tiktok.com/@mik.zenon/video/6973469472736824582;14-06-2021T09:23:11
@mik.zenon_6971209906099703046;mik.zenon;11.6;2.0;8.5;83.4;https://tiktok.com/@mik.zenon/video/6971209906099703046;08-06-2021T07:14:54
@ourfavoritefinds_6895125731441970437;ourfavoritefinds;17.3;2.0;8.9;128.6;https://tiktok.com/@ourfavoritefinds/video/6895125731441970437;15-11-2020T06:29:56
@toponlinefinds_6837530128818507013;toponlinefinds;8.5;1.8;11.6;37.9;https://tiktok.com/@toponlinefinds/video/6837530128818507013;13-06-2020T01:29:02
@rachel_meaders_6846562839528852741;rachel_meaders;13.3;1.6;7.4;130.9;https://tiktok.com/@rachel_meaders/video/6846562839528852741;07-07-2020T09:40:37
@rachel_meaders_6835774856068336902;rachel_meaders;13.5;1.5;3.1;35.0;https://tiktok.com/@rachel_meaders/video/6835774856068336902;08-06-2020T07:57:41
@girls_6903922483754224898;girls;21.2;1.4;2.6;14.4;https://tiktok.com/@girls/video/6903922483754224898;08-12-2020T23:25:18
@toponlinefinds_6827236863888116998;toponlinefinds;9.4;1.4;2.2;38.3;https://tiktok.com/@toponlinefinds/video/6827236863888116998;16-05-2020T07:45:56
@teresalauracaruso_6801913646805945605;teresalauracaruso;9.0;1.4;1.9;35.7;https://tiktok.com/@teresalauracaruso/video/6801913646805945605;09-03-2020T01:58:54
@thehouseofsequins_6885705091483962630;thehouseofsequins;7.1;1.3;4.6;32.1;https://tiktok.com/@thehouseofsequins/video/6885705091483962630;20-10-2020T21:13:00
@toponlinefinds_6828711031544581382;toponlinefinds;5.4;1.2;3.8;21.5;https://tiktok.com/@toponlinefinds/video/6828711031544581382;20-05-2020T07:06:28
@style_6887406921498856709;style;14.8;1.2;1.9;11.7;https://tiktok.com/@style/video/6887406921498856709;25-10-2020T11:17:14
@carolynnichole_6939278482048437509;carolynnichole;7.8;1.1;4.2;13.2;https://tiktok.com/@carolynnichole/video/6939278482048437509;14-03-2021T06:04:38
@heididamelio_6898411288335109381;heididamelio;4.7;1.0;4.8;2.7;https://tiktok.com/@heididamelio/video/6898411288335109381;24-11-2020T02:59:36
@teresalauracaruso_6847642673734585606;teresalauracaruso;7.4;1.0;1.7;16.6;https://tiktok.com/@teresalauracaruso/video/6847642673734585606;10-07-2020T07:30:53
@goodtastemustbuy_6936592217427512582;goodtastemustbuy;5.6;1.0;11.5;125.6;https://tiktok.com/@goodtastemustbuy/video/6936592217427512582;07-03-2021T00:20:34
@thehouseofsequins_6888680525670698246;thehouseofsequins;9.2;0.9;3.9;59.0;https://tiktok.com/@thehouseofsequins/video/6888680525670698246;28-10-2020T21:39:15
@rachel_meaders_6842475482152291589;rachel_meaders;8.5;0.9;2.4;39.4;https://tiktok.com/@rachel_meaders/video/6842475482152291589;26-06-2020T09:19:35
@toponlinefinds_6884323973664902406;toponlinefinds;6.2;0.9;2.5;57.3;https://tiktok.com/@toponlinefinds/video/6884323973664902406;17-10-2020T03:53:40
@teresalauracaruso_6794818258483662086;teresalauracaruso;7.3;0.9;2.0;60.1;https://tiktok.com/@teresalauracaruso/video/6794818258483662086;18-02-2020T23:05:11
@rachel_meaders_6830587675511098629;rachel_meaders;11.5;0.9;1.7;31.4;https://tiktok.com/@rachel_meaders/video/6830587675511098629;25-05-2020T08:28:49
@rachel_meaders_6939683690058452229;rachel_meaders;6.6;0.8;2.0;69.8;https://tiktok.com/@rachel_meaders/video/6939683690058452229;15-03-2021T08:17:05
@mik.zenon_6953801354124987654;mik.zenon;5.7;0.8;13.7;16.6;https://tiktok.com/@mik.zenon/video/6953801354124987654;22-04-2021T09:20:49
@toponlinefinds_6827923801334975749;toponlinefinds;4.6;0.8;1.8;30.3;https://tiktok.com/@toponlinefinds/video/6827923801334975749;18-05-2020T04:11:40
@briannaxliv_6856507541912849670;briannaxliv;5.2;0.7;1.6;23.9;https://tiktok.com/@briannaxliv/video/6856507541912849670;03-08-2020T04:51:10
@teresalauracaruso_6850887402475605253;teresalauracaruso;4.5;0.7;1.4;11.7;https://tiktok.com/@teresalauracaruso/video/6850887402475605253;19-07-2020T01:22:06
@rachel_meaders_6846928939810655493;rachel_meaders;6.4;0.7;1.8;55.3;https://tiktok.com/@rachel_meaders/video/6846928939810655493;08-07-2020T09:21:15
@girls_6903269832775535874;girls;7.2;0.7;1.2;2.8;https://tiktok.com/@girls/video/6903269832775535874;07-12-2020T05:12:42
@mik.zenon_6846561002188754181;mik.zenon;6.9;0.7;1.6;6.7;https://tiktok.com/@mik.zenon/video/6846561002188754181;07-07-2020T09:33:28
@stokestwins_6742662948893789446;stokestwins;5.3;0.6;3.1;4.2;https://tiktok.com/@stokestwins/video/6742662948893789446;01-10-2019T09:56:01
@serenaneel_6947814442679700741;serenaneel;3.2;0.6;1.5;18.7;https://tiktok.com/@serenaneel/video/6947814442679700741;06-04-2021T06:08:32
@rachel_meaders_6858400141733367046;rachel_meaders;7.5;0.6;1.8;29.0;https://tiktok.com/@rachel_meaders/video/6858400141733367046;08-08-2020T07:15:26
@toponlinefinds_6918181235068112133;toponlinefinds;3.6;0.6;2.4;25.1;https://tiktok.com/@toponlinefinds/video/6918181235068112133;16-01-2021T09:36:46
@charlidamelio_6898411858131209478;charlidamelio;63.4;8.5;111.8;34.8;https://tiktok.com/@charlidamelio/video/6898411858131209478;24-11-2020T03:01:46
@katiefeeneyy_6911082397396126981;katiefeeneyy;3.2;0.6;1.4;1.6;https://tiktok.com/@katiefeeneyy/video/6911082397396126981;28-12-2020T06:29:39
@mik.zenon_6957099265604750598;mik.zenon;2.1;0.6;3.3;19.2;https://tiktok.com/@mik.zenon/video/6957099265604750598;01-05-2021T06:38:23
@rachel_meaders_6902593883528547589;rachel_meaders;5.0;0.6;0.7;17.8;https://tiktok.com/@rachel_meaders/video/6902593883528547589;05-12-2020T09:30:05
@teresalauracaruso_6787084655460896005;teresalauracaruso;4.7;0.6;1.0;21.8;https://tiktok.com/@teresalauracaruso/video/6787084655460896005;29-01-2020T02:54:51
@rachel_meaders_6869918899345853702;rachel_meaders;5.9;0.6;0.8;9.1;https://tiktok.com/@rachel_meaders/video/6869918899345853702;08-09-2020T08:14:09
@katiefeeneyy_6889900617213512966;katiefeeneyy;3.8;0.6;3.0;3.5;https://tiktok.com/@katiefeeneyy/video/6889900617213512966;01-11-2020T04:33:52
@teresalauracaruso_6805636442044304645;teresalauracaruso;4.2;0.5;1.7;60.9;https://tiktok.com/@teresalauracaruso/video/6805636442044304645;19-03-2020T02:45:15
@teresalauracaruso_6787770085160389894;teresalauracaruso;4.3;0.5;0.8;21.9;https://tiktok.com/@teresalauracaruso/video/6787770085160389894;30-01-2020T23:14:40
@hidden_gemz3_6944928514172849413;hidden_gemz3;3.3;0.5;1.4;38.5;https://tiktok.com/@hidden_gemz3/video/6944928514172849413;29-03-2021T11:29:43
@simplysalfinds_6844943449502829830;simplysalfinds;5.2;0.5;1.4;12.2;https://tiktok.com/@simplysalfinds/video/6844943449502829830;03-07-2020T00:56:31
@teresalauracaruso_6832343378676550917;teresalauracaruso;4.2;0.5;0.9;9.5;https://tiktok.com/@teresalauracaruso/video/6832343378676550917;30-05-2020T02:01:49
@ourfavoritefinds_6851695543920512262;ourfavoritefinds;3.5;0.5;0.5;2.7;https://tiktok.com/@ourfavoritefinds/video/6851695543920512262;21-07-2020T05:38:06
@phithegoldenskin_6836741239828778245;phithegoldenskin;1.6;0.5;1.8;3.3;https://tiktok.com/@phithegoldenskin/video/6836741239828778245;10-06-2020T22:27:46
@simplysalfinds_6895079440192146693;simplysalfinds;4.0;0.5;0.7;15.2;https://tiktok.com/@simplysalfinds/video/6895079440192146693;15-11-2020T03:30:16
@ourfavoritefinds_6862375982527974661;ourfavoritefinds;2.8;0.5;0.6;5.2;https://tiktok.com/@ourfavoritefinds/video/6862375982527974661;19-08-2020T00:23:41
@teresalauracaruso_6885800272271035654;teresalauracaruso;2.7;0.5;0.6;7.7;https://tiktok.com/@teresalauracaruso/video/6885800272271035654;21-10-2020T03:22:16
@rachel_meaders_6919664102000299270;rachel_meaders;6.0;0.5;1.4;34.1;https://tiktok.com/@rachel_meaders/video/6919664102000299270;20-01-2021T09:31:02
@ourfavoritefinds_6892537676856036614;ourfavoritefinds;5.1;0.4;1.9;20.1;https://tiktok.com/@ourfavoritefinds/video/6892537676856036614;08-11-2020T07:06:56
@lindsayroggenbuck_6856210010800803078;lindsayroggenbuck;2.6;0.4;1.6;26.0;https://tiktok.com/@lindsayroggenbuck/video/6856210010800803078;02-08-2020T09:36:39
@katiefeeneyy_6886979172380511494;katiefeeneyy;2.5;0.4;1.8;1.8;https://tiktok.com/@katiefeeneyy/video/6886979172380511494;24-10-2020T07:37:13
@toponlinefinds_6853502999780658437;toponlinefinds;2.6;0.4;0.8;20.3;https://tiktok.com/@toponlinefinds/video/6853502999780658437;26-07-2020T02:31:57
@ourfavoritefinds_6887320354713292038;ourfavoritefinds;2.8;0.4;1.0;4.3;https://tiktok.com/@ourfavoritefinds/video/6887320354713292038;25-10-2020T05:41:11
@toponlinefinds_6894393017566825733;toponlinefinds;2.7;0.4;0.6;12.5;https://tiktok.com/@toponlinefinds/video/6894393017566825733;13-11-2020T07:06:38
@mik.zenon_6951168115254283525;mik.zenon;2.6;0.4;2.2;20.7;https://tiktok.com/@mik.zenon/video/6951168115254283525;15-04-2021T07:02:30
@mik.zenon_6961233468172799237;mik.zenon;2.7;0.4;1.6;11.9;https://tiktok.com/@mik.zenon/video/6961233468172799237;12-05-2021T10:01:14
@maxieelise_6849157798220025093;maxieelise;4.2;0.4;0.7;7.0;https://tiktok.com/@maxieelise/video/6849157798220025093;14-07-2020T09:30:22
@laauren1_6863119296529206533;laauren1;4.6;0.4;1.2;4.1;https://tiktok.com/@laauren1/video/6863119296529206533;21-08-2020T00:28:08
@toponlinefinds_6829833706304179462;toponlinefinds;2.5;0.4;0.6;10.4;https://tiktok.com/@toponlinefinds/video/6829833706304179462;23-05-2020T07:43:01
@teresalauracaruso_6838373146559614214;teresalauracaruso;3.1;0.4;0.9;14.1;https://tiktok.com/@teresalauracaruso/video/6838373146559614214;15-06-2020T08:00:25
@lollyjaneblog_6830883225238359302;lollyjaneblog;2.5;0.4;0.6;13.8;https://tiktok.com/@lollyjaneblog/video/6830883225238359302;26-05-2020T03:35:39
@toponlinefinds_6864736220644166918;toponlinefinds;5.5;0.4;0.8;3.2;https://tiktok.com/@toponlinefinds/video/6864736220644166918;25-08-2020T09:02:42
@abbieherbert__6889816027547438341;abbieherbert_;2.5;0.4;1.6;0.4;https://tiktok.com/@abbieherbert_/video/6889816027547438341;31-10-2020T23:05:47
@toponlinefinds_6826462093215010053;toponlinefinds;3.3;0.4;0.9;7.7;https://tiktok.com/@toponlinefinds/video/6826462093215010053;14-05-2020T05:39:25
@teresalauracaruso_6852432619058121989;teresalauracaruso;2.2;0.4;0.5;3.5;https://tiktok.com/@teresalauracaruso/video/6852432619058121989;23-07-2020T05:18:20
@julianna_claire_6942184090426772741;julianna_claire;3.0;0.4;0.3;7.9;https://tiktok.com/@julianna_claire/video/6942184090426772741;22-03-2021T01:59:53
@rachel_meaders_6874383307325328646;rachel_meaders;4.2;0.4;1.2;36.9;https://tiktok.com/@rachel_meaders/video/6874383307325328646;20-09-2020T08:58:19
@toponlinefinds_6837918915654405381;toponlinefinds;2.0;0.4;0.9;8.8;https://tiktok.com/@toponlinefinds/video/6837918915654405381;14-06-2020T02:37:44
@toponlinefinds_6831311226056871174;toponlinefinds;2.1;0.4;1.5;15.2;https://tiktok.com/@toponlinefinds/video/6831311226056871174;27-05-2020T07:16:32
@rachel_meaders_6841725638613699846;rachel_meaders;4.9;0.4;0.9;9.3;https://tiktok.com/@rachel_meaders/video/6841725638613699846;24-06-2020T08:49:47
@teresalauracaruso_6932496057322523910;teresalauracaruso;3.1;0.4;1.3;15.8;https://tiktok.com/@teresalauracaruso/video/6932496057322523910;23-02-2021T23:25:32
@toponlinefinds_6963082831299923205;toponlinefinds;3.0;0.4;0.9;11.1;https://tiktok.com/@toponlinefinds/video/6963082831299923205;17-05-2021T09:37:42
@glitterandlazers_6737805750439054597;glitterandlazers;3.2;0.4;3.3;8.5;https://tiktok.com/@glitterandlazers/video/6737805750439054597;18-09-2019T07:47:35
@lindsayroggenbuck_6842817252102835462;lindsayroggenbuck;3.6;0.4;1.5;15.4;https://tiktok.com/@lindsayroggenbuck/video/6842817252102835462;27-06-2020T07:25:49
@julianna_claire_6942178120179174662;julianna_claire;2.2;0.4;0.5;18.8;https://tiktok.com/@julianna_claire/video/6942178120179174662;22-03-2021T01:36:43
@stuffyouactuallyneed_6843173929016741125;stuffyouactuallyneed;2.3;0.3;0.8;8.5;https://tiktok.com/@stuffyouactuallyneed/video/6843173929016741125;28-06-2020T06:29:53
@stuffyouactuallyneed_6844285076587433222;stuffyouactuallyneed;2.4;0.3;1.3;4.7;https://tiktok.com/@stuffyouactuallyneed/video/6844285076587433222;01-07-2020T06:21:42
@deannatdunn_6835621273704353029;deannatdunn;3.3;0.7;1.3;17.7;https://tiktok.com/@deannatdunn/video/6835621273704353029;07-06-2020T22:01:42
@katiefeeneyy_6919532115323292934;katiefeeneyy;1.5;0.3;1.8;1.1;https://tiktok.com/@katiefeeneyy/video/6919532115323292934;20-01-2021T00:58:51
@theamazonbadger_6897522795471736066;theamazonbadger;5.2;0.3;1.6;4.3;https://tiktok.com/@theamazonbadger/video/6897522795471736066;21-11-2020T17:31:13
@mik.zenon_6974568283718700294;mik.zenon;2.0;0.3;1.1;23.5;https://tiktok.com/@mik.zenon/video/6974568283718700294;17-06-2021T08:27:07
@rachel_meaders_6972716689829989638;rachel_meaders;2.3;0.3;0.5;14.1;https://tiktok.com/@rachel_meaders/video/6972716689829989638;12-06-2021T08:41:59
@mik.zenon_6850593137342024966;mik.zenon;1.8;0.3;1.4;15.4;https://tiktok.com/@mik.zenon/video/6850593137342024966;18-07-2020T06:20:12
@teresalauracaruso_6964022289352412421;teresalauracaruso;3.7;0.3;0.7;9.3;https://tiktok.com/@teresalauracaruso/video/6964022289352412421;19-05-2021T22:23:16
@simplysalfinds_6852485420714904838;simplysalfinds;1.8;0.3;2.2;6.6;https://tiktok.com/@simplysalfinds/video/6852485420714904838;23-07-2020T08:43:15
@rachel_meaders_6868440428497161478;rachel_meaders;5.5;0.3;1.2;30.5;https://tiktok.com/@rachel_meaders/video/6868440428497161478;04-09-2020T08:36:54
@ourfavoritefinds_6896988153509367046;ourfavoritefinds;5.9;0.3;2.0;21.3;https://tiktok.com/@ourfavoritefinds/video/6896988153509367046;20-11-2020T06:57:06
@glitterandlazers_6773290885770677509;glitterandlazers;3.4;0.3;3.9;9.1;https://tiktok.com/@glitterandlazers/video/6773290885770677509;22-12-2019T22:47:59
@teresalauracaruso_6849833291210640646;teresalauracaruso;2.6;0.3;0.5;4.0;https://tiktok.com/@teresalauracaruso/video/6849833291210640646;16-07-2020T05:11:37
@simplysalfinds_6846511600266988805;simplysalfinds;2.4;0.3;0.5;9.9;https://tiktok.com/@simplysalfinds/video/6846511600266988805;07-07-2020T06:21:46
@briannaxliv_6931205409965378822;briannaxliv;2.2;0.3;0.3;3.2;https://tiktok.com/@briannaxliv/video/6931205409965378822;20-02-2021T11:57:20
@teresalauracaruso_6835697608762150149;teresalauracaruso;2.2;0.3;0.5;4.8;https://tiktok.com/@teresalauracaruso/video/6835697608762150149;08-06-2020T02:57:56
@rachel_meaders_6843204243160157446;rachel_meaders;3.1;0.3;0.5;7.4;https://tiktok.com/@rachel_meaders/video/6843204243160157446;28-06-2020T08:27:32
@rachel_meaders_6835051926292335877;rachel_meaders;2.7;0.3;0.6;15.0;https://tiktok.com/@rachel_meaders/video/6835051926292335877;06-06-2020T09:12:21
@ameliezilber_6897316192881511686;ameliezilber;2.4;0.3;1.2;0.4;https://tiktok.com/@ameliezilber/video/6897316192881511686;21-11-2020T04:10:03
@teresalauracaruso_6848729329887726853;teresalauracaruso;2.2;0.3;0.5;4.3;https://tiktok.com/@teresalauracaruso/video/6848729329887726853;13-07-2020T05:47:41
@teresalauracaruso_6791120250080414981;teresalauracaruso;2.4;0.3;0.8;14.2;https://tiktok.com/@teresalauracaruso/video/6791120250080414981;08-02-2020T23:55:00
@mik.zenon_6971595264305958149;mik.zenon;1.3;0.3;1.8;8.3;https://tiktok.com/@mik.zenon/video/6971595264305958149;09-06-2021T08:10:16
@hipsterartteacher_6797078884270624006;hipsterartteacher;1.8;0.3;0.4;4.9;https://tiktok.com/@hipsterartteacher/video/6797078884270624006;25-02-2020T01:17:33
@briannaxliv_6943427021951225094;briannaxliv;2.6;0.3;1.1;11.7;https://tiktok.com/@briannaxliv/video/6943427021951225094;25-03-2021T10:23:09
@elliezeiler_6893574941401304326;elliezeiler;2.0;0.3;2.6;0.8;https://tiktok.com/@elliezeiler/video/6893574941401304326;11-11-2020T02:12:19
@rachel_meaders_6880688541953838342;rachel_meaders;4.2;0.3;0.6;20.8;https://tiktok.com/@rachel_meaders/video/6880688541953838342;07-10-2020T08:46:17
@briannaxliv_6865058471113444613;briannaxliv;2.0;0.3;0.7;11.4;https://tiktok.com/@briannaxliv/video/6865058471113444613;26-08-2020T05:53:10
@rachel_meaders_6834667003001720070;rachel_meaders;3.8;0.3;0.8;10.2;https://tiktok.com/@rachel_meaders/video/6834667003001720070;05-06-2020T08:18:39
@teresalauracaruso_6820833127364168966;teresalauracaruso;2.2;0.3;0.7;4.6;https://tiktok.com/@teresalauracaruso/video/6820833127364168966;29-04-2020T01:36:09
@briannaxliv_6892841626415156485;briannaxliv;2.2;0.3;0.3;4.0;https://tiktok.com/@briannaxliv/video/6892841626415156485;09-11-2020T02:46:27
@stuffyouactuallyneed_6839508325667704070;stuffyouactuallyneed;2.2;0.3;0.7;5.2;https://tiktok.com/@stuffyouactuallyneed/video/6839508325667704070;18-06-2020T09:25:29
@julianna_claire_6953993237514226950;julianna_claire;2.1;0.3;0.3;3.9;https://tiktok.com/@julianna_claire/video/6953993237514226950;22-04-2021T21:45:25
@brandiroseee1_6836352920737369350;brandiroseee1;2.3;0.3;0.8;9.6;https://tiktok.com/@brandiroseee1/video/6836352920737369350;09-06-2020T21:20:52
@stuffyouactuallyneed_6847999328565366021;stuffyouactuallyneed;1.3;0.3;1.6;8.8;https://tiktok.com/@stuffyouactuallyneed/video/6847999328565366021;11-07-2020T06:34:53
@imran_onlinefinds_6975737606206131461;imran_onlinefinds;2.0;0.3;0.9;14.6;https://tiktok.com/@imran_onlinefinds/video/6975737606206131461;20-06-2021T12:04:59
@toponlinefinds_6839388053069450501;toponlinefinds;1.7;0.3;0.4;6.7;https://tiktok.com/@toponlinefinds/video/6839388053069450501;18-06-2020T01:38:44
@reneemleblanc_6802316390310235398;reneemleblanc;1.2;0.3;0.6;4.6;https://tiktok.com/@reneemleblanc/video/6802316390310235398;10-03-2020T04:01:47
@lindsayroggenbuck_6890715597663997189;lindsayroggenbuck;1.3;0.3;1.3;3.8;https://tiktok.com/@lindsayroggenbuck/video/6890715597663997189;03-11-2020T09:16:16
@mik.zenon_6956019488508677381;mik.zenon;2.0;0.3;0.6;7.0;https://tiktok.com/@mik.zenon/video/6956019488508677381;28-04-2021T08:48:19
@kortneyandkarlee_6954102008911547653;kortneyandkarlee;2.6;0.3;3.4;6.3;https://tiktok.com/@kortneyandkarlee/video/6954102008911547653;23-04-2021T04:47:30
@ourfavoritefinds_6854699990292516102;ourfavoritefinds;1.0;0.3;0.4;0.8;https://tiktok.com/@ourfavoritefinds/video/6854699990292516102;29-07-2020T07:56:54
@toponlinefinds_6843170315305045253;toponlinefinds;1.8;0.3;0.8;4.2;https://tiktok.com/@toponlinefinds/video/6843170315305045253;28-06-2020T06:15:57
@alwaysmeliss_6909222206492904710;alwaysmeliss;4.4;0.3;0.7;13.8;https://tiktok.com/@alwaysmeliss/video/6909222206492904710;23-12-2020T06:11:07
@julianna_claire_6941369847611804934;julianna_claire;1.6;0.3;0.3;7.1;https://tiktok.com/@julianna_claire/video/6941369847611804934;19-03-2021T21:20:14
@anya.bumag_6900658001569434882;anya.bumag;3.8;0.3;0.5;2.8;https://tiktok.com/@anya.bumag/video/6900658001569434882;30-11-2020T04:17:27
@mik.zenon_6848289999302020358;mik.zenon;1.8;0.3;0.8;7.1;https://tiktok.com/@mik.zenon/video/6848289999302020358;12-07-2020T01:22:49
@brittany.xavier_6810811902701227270;brittany.xavier;2.3;0.3;0.4;1.8;https://tiktok.com/@brittany.xavier/video/6810811902701227270;02-04-2020T01:28:41
@rachel_meaders_6836547661223546117;rachel_meaders;2.5;0.3;0.5;9.6;https://tiktok.com/@rachel_meaders/video/6836547661223546117;10-06-2020T09:56:34
@stuffyouactuallyneed_6907773717397507333;stuffyouactuallyneed;10.0;0.7;2.0;9.5;https://tiktok.com/@stuffyouactuallyneed/video/6907773717397507333;19-12-2020T08:30:17
@kyraunboxed_6924673999440006406;kyraunboxed;1.8;0.4;0.7;0.3;https://tiktok.com/@kyraunboxed/video/6924673999440006406;02-02-2021T21:32:01
@kelseyvenkov_6901785572860349701;kelseyvenkov;1.8;0.4;1.0;20.6;https://tiktok.com/@kelseyvenkov/video/6901785572860349701;03-12-2020T05:13:33
@hello_happy_mom_6815398799788313862;hello_happy_mom;1.7;0.3;0.6;2.5;https://tiktok.com/@hello_happy_mom/video/6815398799788313862;14-04-2020T10:08:13
@muawk_6929323996383120645;muawk;1.6;0.2;1.6;2.7;https://tiktok.com/@muawk/video/6929323996383120645;15-02-2021T10:16:24
@gadgetsman__6916222244431629569;gadgetsman_;1.1;0.1;0.6;6.4;https://tiktok.com/@gadgetsman_/video/6916222244431629569;11-01-2021T02:54:40
@stuffyouactuallyneed_6918150409341111558;stuffyouactuallyneed;1.6;0.1;0.5;7.8;https://tiktok.com/@stuffyouactuallyneed/video/6918150409341111558;16-01-2021T07:37:07
@carmenscouponhacks_6812723509853310214;carmenscouponhacks;0.9;0.1;0.8;5.7;https://tiktok.com/@carmenscouponhacks/video/6812723509853310214;07-04-2020T05:06:41
@stuffyouactuallyneed_6909974672893283589;stuffyouactuallyneed;1.7;0.1;0.3;1.3;https://tiktok.com/@stuffyouactuallyneed/video/6909974672893283589;25-12-2020T06:51:04
@stuffyouactuallyneed_6911464255703239942;stuffyouactuallyneed;0.7;0.1;0.1;2.1;https://tiktok.com/@stuffyouactuallyneed/video/6911464255703239942;29-12-2020T07:11:26
@kayleebrookeburks_6936329283157757190;kayleebrookeburks;1.3;0.1;0.2;0.9;https://tiktok.com/@kayleebrookeburks/video/6936329283157757190;06-03-2021T07:20:15
@kyraunboxed_6924675517572500741;kyraunboxed;0.3;0.1;0.2;0.0;https://tiktok.com/@kyraunboxed/video/6924675517572500741;02-02-2021T21:37:51
@stuffyouactuallyneed_6909617969018555654;stuffyouactuallyneed;0.6;0.1;0.6;0.3;https://tiktok.com/@stuffyouactuallyneed/video/6909617969018555654;24-12-2020T07:46:56
@pupsandtails_6820423248396766469;pupsandtails;0.8;0.0;0.1;1.4;https://tiktok.com/@pupsandtails/video/6820423248396766469;27-04-2020T23:05:36
@lindsayroggenbuck_6800175073983466758;lindsayroggenbuck;0.4;0.0;0.1;1.1;https://tiktok.com/@lindsayroggenbuck/video/6800175073983466758;04-03-2020T09:32:23
@kyraunboxed_6936644611330936070;kyraunboxed;0.2;0.0;0.1;0.2;https://tiktok.com/@kyraunboxed/video/6936644611330936070;07-03-2021T03:43:52
@serendipidy___6882092255365156097;serendipidy__;0.4;0.0;0.1;1.7;https://tiktok.com/@serendipidy__/video/6882092255365156097;11-10-2020T03:32:51
@moms.need.this_6937777955334573317;moms.need.this;3.7;0.0;0.3;3.2;https://tiktok.com/@moms.need.this/video/6937777955334573317;10-03-2021T05:01:50
@stuffyouactuallyneed_6911853273448238341;stuffyouactuallyneed;0.3;0.0;0.1;0.8;https://tiktok.com/@stuffyouactuallyneed/video/6911853273448238341;30-12-2020T08:21:00
@purewow_6880901892600302854;purewow;0.5;0.0;0.2;2.0;https://tiktok.com/@purewow/video/6880901892600302854;07-10-2020T22:34:34
@hellokiittt_6799520181912718597;hellokiittt;0.3;0.0;0.1;1.8;https://tiktok.com/@hellokiittt/video/6799520181912718597;02-03-2020T15:11:08
@stuffyouactuallyneed_6914809493608058117;stuffyouactuallyneed;0.4;0.0;0.1;0.4;https://tiktok.com/@stuffyouactuallyneed/video/6914809493608058117;07-01-2021T07:32:40
@kyraunboxed_6922931238655249669;kyraunboxed;0.1;0.0;0.1;0.0;https://tiktok.com/@kyraunboxed/video/6922931238655249669;29-01-2021T04:49:08
@stuffyouactuallyneed_6917407300399484166;stuffyouactuallyneed;0.2;0.0;0.1;0.4;https://tiktok.com/@stuffyouactuallyneed/video/6917407300399484166;14-01-2021T07:33:28
@cristalallure_6821052211330600197;cristalallure;0.1;0.0;0.1;0.1;https://tiktok.com/@cristalallure/video/6821052211330600197;29-04-2020T15:46:19
@stuffyouactuallyneed_6912599301214506246;stuffyouactuallyneed;0.2;0.0;0.0;0.4;https://tiktok.com/@stuffyouactuallyneed/video/6912599301214506246;01-01-2021T08:35:56
@dedeornella_6961240989902048517;dedeornella;0.2;0.0;0.1;2.4;https://tiktok.com/@dedeornella/video/6961240989902048517;12-05-2021T10:30:26
@purewow_6938861940685032709;purewow;0.2;0.0;0.1;0.3;https://tiktok.com/@purewow/video/6938861940685032709;13-03-2021T03:08:15
@lindsayroggenbuck_6911504053151304966;lindsayroggenbuck;0.1;0.0;0.1;0.9;https://tiktok.com/@lindsayroggenbuck/video/6911504053151304966;29-12-2020T09:45:55
@stuffyouactuallyneed_6907396062147824902;stuffyouactuallyneed;0.1;0.0;0.0;0.3;https://tiktok.com/@stuffyouactuallyneed/video/6907396062147824902;18-12-2020T08:04:48
@stuffyouactuallyneed_6912996610242825478;stuffyouactuallyneed;0.2;0.0;0.1;0.2;https://tiktok.com/@stuffyouactuallyneed/video/6912996610242825478;02-01-2021T10:17:49
@kelseyvenkov_6843591504770944261;kelseyvenkov;0.2;0.0;0.1;0.3;https://tiktok.com/@kelseyvenkov/video/6843591504770944261;29-06-2020T09:30:18
@gadgetsman__6924012283597245702;gadgetsman_;0.1;0.0;0.1;0.2;https://tiktok.com/@gadgetsman_/video/6924012283597245702;01-02-2021T02:44:06
@stuffyouactuallyneed_6920763012479520006;stuffyouactuallyneed;0.1;0.0;0.1;0.4;https://tiktok.com/@stuffyouactuallyneed/video/6920763012479520006;23-01-2021T08:35:21
@stuffyouactuallyneed_6912231630421740805;stuffyouactuallyneed;0.1;0.0;0.0;0.1;https://tiktok.com/@stuffyouactuallyneed/video/6912231630421740805;31-12-2020T08:49:15
@stuffyouactuallyneed_6915191165012757765;stuffyouactuallyneed;0.1;0.0;0.1;0.3;https://tiktok.com/@stuffyouactuallyneed/video/6915191165012757765;08-01-2021T08:13:43
@rebekkablue_6822363580097252613;rebekkablue;0.1;0.0;0.0;0.1;https://tiktok.com/@rebekkablue/video/6822363580097252613;03-05-2020T04:35:04
@anyajovita_6932501513105427718;anyajovita;0.1;0.0;0.1;0.8;https://tiktok.com/@anyajovita/video/6932501513105427718;23-02-2021T23:46:43
@stuffyouactuallyneed_6920009482462399749;stuffyouactuallyneed;0.1;0.0;0.1;0.3;https://tiktok.com/@stuffyouactuallyneed/video/6920009482462399749;21-01-2021T07:51:15
@katiekneisel_6816056707890826502;katiekneisel;0.1;0.0;0.0;0.2;https://tiktok.com/@katiekneisel/video/6816056707890826502;16-04-2020T04:41:13
@stuffyouactuallyneed_6917035948895259909;stuffyouactuallyneed;0.1;0.0;0.0;0.2;https://tiktok.com/@stuffyouactuallyneed/video/6917035948895259909;13-01-2021T07:32:27
@stuffyouactuallyneed_6909256590105283845;stuffyouactuallyneed;0.1;0.0;0.1;0.2;https://tiktok.com/@stuffyouactuallyneed/video/6909256590105283845;23-12-2020T08:24:34
@swiftwellness_6798613712275066117;swiftwellness;0.1;0.0;0.0;0.2;https://tiktok.com/@swiftwellness/video/6798613712275066117;29-02-2020T04:33:29
@iiheartbeauties_6964403288418553094;iiheartbeauties;0.2;0.0;0.0;0.1;https://tiktok.com/@iiheartbeauties/video/6964403288418553094;20-05-2021T23:01:43
@gadgetsman__6916222244431629569;gadgetsman_;1.1;0.1;0.6;6.4;https://tiktok.com/@gadgetsman_/video/6916222244431629569;11-01-2021T02:54:40
@amazonprimevideo_6808918095445380357;amazonprimevideo;0.1;0.0;0.0;0.1;https://tiktok.com/@amazonprimevideo/video/6808918095445380357;27-03-2020T22:59:45
@lindsayroggenbuck_6795966965853785349;lindsayroggenbuck;0.1;0.0;0.0;0.2;https://tiktok.com/@lindsayroggenbuck/video/6795966965853785349;22-02-2020T01:22:44
@stuffyouactuallyneed_6914100066932378886;stuffyouactuallyneed;0.1;0.0;0.0;0.2;https://tiktok.com/@stuffyouactuallyneed/video/6914100066932378886;05-01-2021T09:39:47
@sheawhitney22_6846471928648060165;sheawhitney22;0.1;0.0;0.0;0.1;https://tiktok.com/@sheawhitney22/video/6846471928648060165;07-07-2020T03:47:48
@lindsayroggenbuck_6911874326585281798;lindsayroggenbuck;0.1;0.0;0.0;0.1;https://tiktok.com/@lindsayroggenbuck/video/6911874326585281798;30-12-2020T09:42:44
@tiktok.ferrets_6814992983826386182;tiktok.ferrets;0.0;0.0;0.0;0.0;https://tiktok.com/@tiktok.ferrets/video/6814992983826386182;13-04-2020T07:53:25
@swiftwellness_6798245229746015493;swiftwellness;0.1;0.0;0.0;0.1;https://tiktok.com/@swiftwellness/video/6798245229746015493;28-02-2020T04:43:35
@kyraunboxed_6964565257901608198;kyraunboxed;0.0;0.0;0.0;0.0;https://tiktok.com/@kyraunboxed/video/6964565257901608198;21-05-2021T09:30:16
@kyraunboxed_6925046919509052678;kyraunboxed;0.0;0.0;0.0;0.0;https://tiktok.com/@kyraunboxed/video/6925046919509052678;03-02-2021T21:39:06
@catherinejunee_6820794599443795205;catherinejunee;0.1;0.0;0.0;0.0;https://tiktok.com/@catherinejunee/video/6820794599443795205;28-04-2020T23:06:39
@mimianderika_6822339772581793029;mimianderika;0.1;0.0;0.0;0.1;https://tiktok.com/@mimianderika/video/6822339772581793029;03-05-2020T03:02:42
@skincarebysnega_6821486891758537990;skincarebysnega;0.0;0.0;0.0;0.1;https://tiktok.com/@skincarebysnega/video/6821486891758537990;30-04-2020T19:53:06
@oheyitsamanda_6813684251603504389;oheyitsamanda;0.1;0.0;0.0;0.1;https://tiktok.com/@oheyitsamanda/video/6813684251603504389;09-04-2020T19:14:51
@purewow_6892080809625341189;purewow;0.1;0.0;0.0;0.0;https://tiktok.com/@purewow/video/6892080809625341189;07-11-2020T01:34:16
@lindsayroggenbuck_6798694731606985989;lindsayroggenbuck;0.1;0.0;0.0;0.1;https://tiktok.com/@lindsayroggenbuck/video/6798694731606985989;29-02-2020T09:47:53
@kyraunboxed_6925505351911558405;kyraunboxed;0.0;0.0;0.0;0.0;https://tiktok.com/@kyraunboxed/video/6925505351911558405;05-02-2021T03:17:59
@lylyjustlyly_6850472513441385734;lylyjustlyly;0.0;0.0;0.0;0.0;https://tiktok.com/@lylyjustlyly/video/6850472513441385734;17-07-2020T22:32:07
@lindsayroggenbuck_6911504053151304966;lindsayroggenbuck;0.1;0.0;0.1;0.9;https://tiktok.com/@lindsayroggenbuck/video/6911504053151304966;29-12-2020T09:45:55
@kyraunboxed_6925225090770668805;kyraunboxed;0.0;0.0;0.0;0.0;https://tiktok.com/@kyraunboxed/video/6925225090770668805;04-02-2021T09:10:31
@lylyjustlyly_6921435773015231749;lylyjustlyly;0.0;0.0;0.0;0.0;https://tiktok.com/@lylyjustlyly/video/6921435773015231749;25-01-2021T04:05:59
@swiftwellness_6829773750142029061;swiftwellness;0.0;0.0;0.0;0.0;https://tiktok.com/@swiftwellness/video/6829773750142029061;23-05-2020T03:50:19
@lylyjustlyly_6857870641111092485;lylyjustlyly;0.0;0.0;0.0;0.3;https://tiktok.com/@lylyjustlyly/video/6857870641111092485;06-08-2020T21:00:43
@discount.codes7_6823538505390574854;discount.codes7;0.0;0.0;0.0;0.0;https://tiktok.com/@discount.codes7/video/6823538505390574854;06-05-2020T08:34:23
@arianalucidonio_6890346072661626117;arianalucidonio;53.1;9.8;100.0;833.1;https://tiktok.com/@arianalucidonio/video/6890346072661626117;02-11-2020T09:22:24
@findswithkayla_6902588435186453766;findswithkayla;23.9;4.5;22.2;269.3;https://tiktok.com/@findswithkayla/video/6902588435186453766;05-12-2020T09:09:00
@stuffyouactuallyneed_6961907699927747845;stuffyouactuallyneed;20.1;3.5;4.3;17.4;https://tiktok.com/@stuffyouactuallyneed/video/6961907699927747845;14-05-2021T05:37:35
@rachel_meaders_6915576626281565446;rachel_meaders;26.5;3.4;19.8;275.3;https://tiktok.com/@rachel_meaders/video/6915576626281565446;09-01-2021T09:09:32
@mik.zenon_6862500401392995589;mik.zenon;16.2;3.4;11.6;127.4;https://tiktok.com/@mik.zenon/video/6862500401392995589;19-08-2020T08:26:33
@peachyqueenblog_6969696430369901829;peachyqueenblog;38.1;2.9;13.4;32.1;https://tiktok.com/@peachyqueenblog/video/6969696430369901829;04-06-2021T05:21:49
@toponlinefinds_6837295075324611846;toponlinefinds;13.2;2.8;7.4;78.0;https://tiktok.com/@toponlinefinds/video/6837295075324611846;12-06-2020T10:16:57
@rachel_meaders_6897393932221680902;rachel_meaders;18.6;2.8;7.0;138.1;https://tiktok.com/@rachel_meaders/video/6897393932221680902;21-11-2020T09:11:39
@teresalauracaruso_6822694507797040389;teresalauracaruso;16.5;2.6;5.2;40.0;https://tiktok.com/@teresalauracaruso/video/6822694507797040389;04-05-2020T01:59:15
@stuffyouactuallyneed_6938192319871028486;stuffyouactuallyneed;14.1;2.5;25.0;80.4;https://tiktok.com/@stuffyouactuallyneed/video/6938192319871028486;11-03-2021T07:49:48
@treyfoundjules_6884350493737405701;treyfoundjules;15.5;2.5;8.9;181.3;https://tiktok.com/@treyfoundjules/video/6884350493737405701;17-10-2020T05:36:33
@peachyqueenblog_6967448270264225029;peachyqueenblog;26.7;2.5;7.0;12.4;https://tiktok.com/@peachyqueenblog/video/6967448270264225029;29-05-2021T03:57:48
@funnyasiandude_6847641931225255173;funnyasiandude;10.3;2.1;3.4;36.8;https://tiktok.com/@funnyasiandude/video/6847641931225255173;10-07-2020T07:28:00
@thelifebath_6853876576447220998;thelifebath;12.3;2.1;3.3;13.3;https://tiktok.com/@thelifebath/video/6853876576447220998;27-07-2020T02:41:37
@heartdefensor_6975329213779954950;heartdefensor;11.4;2.0;14.9;39.0;https://tiktok.com/@heartdefensor/video/6975329213779954950;19-06-2021T09:39:55
@ourfavoritefinds_6895125731441970437;ourfavoritefinds;17.3;2.0;8.9;128.6;https://tiktok.com/@ourfavoritefinds/video/6895125731441970437;15-11-2020T06:29:56
@heartdefensor_6969760517338516741;heartdefensor;8.2;1.9;13.8;9.1;https://tiktok.com/@heartdefensor/video/6969760517338516741;04-06-2021T09:30:32
@jais_arts_6936202068596149509;jais_arts;6.9;1.9;6.0;34.1;https://tiktok.com/@jais_arts/video/6936202068596149509;05-03-2021T23:06:35
@maxieelise_6851749936309013766;maxieelise;13.0;1.9;8.0;51.2;https://tiktok.com/@maxieelise/video/6851749936309013766;21-07-2020T09:09:11
@giftuniverse_6945875557837999366;giftuniverse;13.6;1.8;5.4;42.5;https://tiktok.com/@giftuniverse/video/6945875557837999366;01-04-2021T00:44:40
@stuffyouactuallyneed_6948949848045391109;stuffyouactuallyneed;13.1;1.7;6.2;19.6;https://tiktok.com/@stuffyouactuallyneed/video/6948949848045391109;09-04-2021T07:34:30
@mrdeals__6934890455373073670;mrdeals_;10.5;1.7;19.5;39.3;https://tiktok.com/@mrdeals_/video/6934890455373073670;02-03-2021T10:17:09
@stuffyouactuallyneed_6850582294600699142;stuffyouactuallyneed;10.9;1.7;4.5;15.9;https://tiktok.com/@stuffyouactuallyneed/video/6850582294600699142;18-07-2020T05:38:08
@rachelvogttrends_6931046385693379846;rachelvogttrends;10.8;1.7;4.5;20.7;https://tiktok.com/@rachelvogttrends/video/6931046385693379846;20-02-2021T01:40:02
@missmota915_6904386974602300678;missmota915;10.4;1.7;7.8;70.3;https://tiktok.com/@missmota915/video/6904386974602300678;10-12-2020T05:28:05
@carlagayou_6853873174380023046;carlagayou;11.5;1.6;3.6;24.2;https://tiktok.com/@carlagayou/video/6853873174380023046;27-07-2020T02:28:24
@julianna_claire_6938477969656548613;julianna_claire;8.0;1.6;3.2;34.3;https://tiktok.com/@julianna_claire/video/6938477969656548613;12-03-2021T02:18:14
@dealcheats_6952957587922980101;dealcheats;7.9;1.5;6.7;9.2;https://tiktok.com/@dealcheats/video/6952957587922980101;20-04-2021T02:46:33
@miriam.gin1_6845307881462516998;miriam.gin1;13.3;1.5;3.8;47.4;https://tiktok.com/@miriam.gin1/video/6845307881462516998;04-07-2020T00:30:42
@heartdefensor_6974955822388497670;heartdefensor;7.0;1.5;6.2;6.9;https://tiktok.com/@heartdefensor/video/6974955822388497670;18-06-2021T09:30:58
@toponlinefinds_6827236863888116998;toponlinefinds;9.4;1.4;2.2;38.3;https://tiktok.com/@toponlinefinds/video/6827236863888116998;16-05-2020T07:45:56
@simplysalfinds_6865454727363136773;simplysalfinds;10.6;1.4;2.4;42.2;https://tiktok.com/@simplysalfinds/video/6865454727363136773;27-08-2020T07:30:50
@stuffyouactuallyneed_6936323482099698949;stuffyouactuallyneed;10.9;1.4;9.4;33.5;https://tiktok.com/@stuffyouactuallyneed/video/6936323482099698949;06-03-2021T06:57:44
@thehouseofsequins_6885705091483962630;thehouseofsequins;7.1;1.3;4.6;32.1;https://tiktok.com/@thehouseofsequins/video/6885705091483962630;20-10-2020T21:13:00
@evangelxnaa_6941467397253614854;evangelxnaa;6.7;1.3;2.1;31.5;https://tiktok.com/@evangelxnaa/video/6941467397253614854;20-03-2021T03:38:45
@mrsalexsanz_6849794816910363910;mrsalexsanz;10.1;1.2;1.0;26.6;https://tiktok.com/@mrsalexsanz/video/6849794816910363910;16-07-2020T02:42:18
@annamoraan_6844234291535154438;annamoraan;4.4;1.2;1.7;10.9;https://tiktok.com/@annamoraan/video/6844234291535154438;01-07-2020T03:04:38
@heartdefensor_6950850656773213445;heartdefensor;7.1;1.2;8.2;46.2;https://tiktok.com/@heartdefensor/video/6950850656773213445;14-04-2021T10:30:39
@stuffyouactuallyneed_6959998991253703942;stuffyouactuallyneed;9.8;1.2;3.8;21.8;https://tiktok.com/@stuffyouactuallyneed/video/6959998991253703942;09-05-2021T02:10:48
@annamoraan_6837953621007633670;annamoraan;5.8;1.2;2.8;27.2;https://tiktok.com/@annamoraan/video/6837953621007633670;14-06-2020T04:52:25
@jenn_aayyy_6942255768959814918;jenn_aayyy;11.3;1.1;9.3;35.0;https://tiktok.com/@jenn_aayyy/video/6942255768959814918;22-03-2021T06:38:03
@giftuniverse_6950048141672516869;giftuniverse;6.6;1.1;3.9;9.4;https://tiktok.com/@giftuniverse/video/6950048141672516869;12-04-2021T06:36:26
@annamoraan_6860900269165645061;annamoraan;7.0;1.1;7.1;19.5;https://tiktok.com/@annamoraan/video/6860900269165645061;15-08-2020T00:57:10
@stuffyouactuallyneed_6905167092459277573;stuffyouactuallyneed;5.5;1.0;2.3;44.9;https://tiktok.com/@stuffyouactuallyneed/video/6905167092459277573;12-12-2020T07:55:15
@heartdefensor_6921876802386414853;heartdefensor;5.3;1.0;14.9;32.3;https://tiktok.com/@heartdefensor/video/6921876802386414853;26-01-2021T08:37:28
@teresalauracaruso_6847642673734585606;teresalauracaruso;7.4;1.0;1.7;16.6;https://tiktok.com/@teresalauracaruso/video/6847642673734585606;10-07-2020T07:30:53
@julianna_claire_6935440454448205062;julianna_claire;5.1;1.0;1.7;56.0;https://tiktok.com/@julianna_claire/video/6935440454448205062;03-03-2021T21:51:20
@annamoraan_6835697008599256325;annamoraan;4.3;0.9;1.9;17.8;https://tiktok.com/@annamoraan/video/6835697008599256325;08-06-2020T02:55:38
@stuffyouactuallyneed_6853182079019093254;stuffyouactuallyneed;6.2;0.9;2.0;9.6;https://tiktok.com/@stuffyouactuallyneed/video/6853182079019093254;25-07-2020T05:46:37
@evangelxnaa_6921769010564451589;evangelxnaa;7.0;0.9;12.7;41.6;https://tiktok.com/@evangelxnaa/video/6921769010564451589;26-01-2021T01:39:09
@rachel_meaders_6934870126898482437;rachel_meaders;6.5;0.9;1.5;61.4;https://tiktok.com/@rachel_meaders/video/6934870126898482437;02-03-2021T08:58:11
@connormink_6922668956264172805;connormink;5.7;0.9;2.1;13.5;https://tiktok.com/@connormink/video/6922668956264172805;28-01-2021T11:51:34
@valerie_hhouse_6954725523293572358;valerie_hhouse;4.5;0.9;1.4;19.1;https://tiktok.com/@valerie_hhouse/video/6954725523293572358;24-04-2021T21:07:04
@stuffyouactuallyneed_6901067287395126534;stuffyouactuallyneed;8.0;0.8;3.7;25.1;https://tiktok.com/@stuffyouactuallyneed/video/6901067287395126534;01-12-2020T06:46:01
@richladyproblems_6925625460592364805;richladyproblems;11.1;0.8;2.5;1.6;https://tiktok.com/@richladyproblems/video/6925625460592364805;05-02-2021T11:04:16
@rachel_meaders_6939683690058452229;rachel_meaders;6.6;0.8;2.0;69.8;https://tiktok.com/@rachel_meaders/video/6939683690058452229;15-03-2021T08:17:05
@marilyn2685_6946681679733869830;marilyn2685;15.9;0.8;4.4;64.5;https://tiktok.com/@marilyn2685/video/6946681679733869830;03-04-2021T04:52:50
@daveandsissy_6911460140797431046;daveandsissy;6.0;0.8;11.7;65.2;https://tiktok.com/@daveandsissy/video/6911460140797431046;29-12-2020T06:55:27
@katiemermaidhairxo_6948981457972923654;katiemermaidhairxo;6.5;0.8;1.4;4.2;https://tiktok.com/@katiemermaidhairxo/video/6948981457972923654;09-04-2021T09:37:11
@livingwithlossantos_6863607112589675781;livingwithlossantos;8.0;0.8;4.0;72.9;https://tiktok.com/@livingwithlossantos/video/6863607112589675781;22-08-2020T08:01:11
@lexxhidalgo_6920256936977960198;lexxhidalgo;4.5;0.8;2.1;17.5;https://tiktok.com/@lexxhidalgo/video/6920256936977960198;21-01-2021T23:51:33
@julianna_claire_6949163425603816709;julianna_claire;4.5;0.8;1.1;34.1;https://tiktok.com/@julianna_claire/video/6949163425603816709;09-04-2021T21:23:17
@mik.zenon_6859495682236206342;mik.zenon;4.0;0.8;5.0;12.5;https://tiktok.com/@mik.zenon/video/6859495682236206342;11-08-2020T06:06:40
@toponlinefinds_6827923801334975749;toponlinefinds;4.6;0.8;1.8;30.3;https://tiktok.com/@toponlinefinds/video/6827923801334975749;18-05-2020T04:11:40
@sharperbarbershop_6874685191466519809;sharperbarbershop;14.0;0.8;5.9;5.8;https://tiktok.com/@sharperbarbershop/video/6874685191466519809;21-09-2020T04:29:43
@stuffyouactuallyneed_6883641885827665157;stuffyouactuallyneed;4.7;0.8;2.2;15.8;https://tiktok.com/@stuffyouactuallyneed/video/6883641885827665157;15-10-2020T07:46:43
@bellaandblush_6940415845722049797;bellaandblush;11.1;0.8;3.0;1.8;https://tiktok.com/@bellaandblush/video/6940415845722049797;17-03-2021T07:38:13
@heartdefensor_6965324874428517638;heartdefensor;13.5;0.7;4.6;17.8;https://tiktok.com/@heartdefensor/video/6965324874428517638;23-05-2021T10:37:59
